period;reporterISO;reporterDesc;flowDesc;partnerISO;partnerDesc;cmdCode;cmdDesc;aggrLevel;qtyUnitAbbr;qty;netWgt;primaryValue
2022;AUT;Austria;Export;FRA;France;440323;"Wood; coniferous species, of fir (Abies spp.) and spruce (Picea spp.), in the rough, whether or not stripped of bark or sapwood, or roughly squared, untreated, of which the smallest cross-sectional dimension is 15 cm or more";6;m³;98,995;81814,0;4235,362
2022;AUT;Austria;Import;FRA;France;440323;"Wood; coniferous species, of fir (Abies spp.) and spruce (Picea spp.), in the rough, whether or not stripped of bark or sapwood, or roughly squared, untreated, of which the smallest cross-sectional dimension is 15 cm or more";6;m³;837,175;691880,0;95844,274
2022;BEL;Belgium;Export;FRA;France;440323;"Wood; coniferous species, of fir (Abies spp.) and spruce (Picea spp.), in the rough, whether or not stripped of bark or sapwood, or roughly squared, untreated, of which the smallest cross-sectional dimension is 15 cm or more";6;m³;33720,16;71459830,86;6557154,76
2022;BEL;Belgium;Import;FRA;France;440323;"Wood; coniferous species, of fir (Abies spp.) and spruce (Picea spp.), in the rough, whether or not stripped of bark or sapwood, or roughly squared, untreated, of which the smallest cross-sectional dimension is 15 cm or more";6;m³;1170918,08;196444266,66;21902075,39
2022;CAN;Canada;Export;FRA;France;440323;"Wood; coniferous species, of fir (Abies spp.) and spruce (Picea spp.), in the rough, whether or not stripped of bark or sapwood, or roughly squared, untreated, of which the smallest cross-sectional dimension is 15 cm or more";6;m³;69,0;19682,29;2650,676
2022;CHN;China;Import;FRA;France;440323;"Wood; coniferous species, of fir (Abies spp.) and spruce (Picea spp.), in the rough, whether or not stripped of bark or sapwood, or roughly squared, untreated, of which the smallest cross-sectional dimension is 15 cm or more";6;m³;426540,609;352512900,0;81827244,0
2022;COM;Comoros;Import;FRA;France;440323;"Wood; coniferous species, of fir (Abies spp.) and spruce (Picea spp.), in the rough, whether or not stripped of bark or sapwood, or roughly squared, untreated, of which the smallest cross-sectional dimension is 15 cm or more";6;m³;8,782;7258,0;985,397
2022;DNK;Denmark;Export;FRA;France;440323;"Wood; coniferous species, of fir (Abies spp.) and spruce (Picea spp.), in the rough, whether or not stripped of bark or sapwood, or roughly squared, untreated, of which the smallest cross-sectional dimension is 15 cm or more";6;m³;2,0;464,0;90,948
2022;FRA;France;Export;AUT;Austria;440323;"Wood; coniferous species, of fir (Abies spp.) and spruce (Picea spp.), in the rough, whether or not stripped of bark or sapwood, or roughly squared, untreated, of which the smallest cross-sectional dimension is 15 cm or more";6;m³;1,0;5000,0;11155,311
2022;FRA;France;Export;BEL;Belgium;440323;"Wood; coniferous species, of fir (Abies spp.) and spruce (Picea spp.), in the rough, whether or not stripped of bark or sapwood, or roughly squared, untreated, of which the smallest cross-sectional dimension is 15 cm or more";6;m³;169959,0;114707190,0;12291479,479
2022;FRA;France;Export;CHN;China;440323;"Wood; coniferous species, of fir (Abies spp.) and spruce (Picea spp.), in the rough, whether or not stripped of bark or sapwood, or roughly squared, untreated, of which the smallest cross-sectional dimension is 15 cm or more";6;m³;59937,0;47511000,0;8654562,257
2022;FRA;France;Export;HKG;China, Hong Kong SAR;440323;"Wood; coniferous species, of fir (Abies spp.) and spruce (Picea spp.), in the rough, whether or not stripped of bark or sapwood, or roughly squared, untreated, of which the smallest cross-sectional dimension is 15 cm or more";6;m³;12113,0;9073715,0;1301738,473
2022;FRA;France;Export;DNK;Denmark;440323;"Wood; coniferous species, of fir (Abies spp.) and spruce (Picea spp.), in the rough, whether or not stripped of bark or sapwood, or roughly squared, untreated, of which the smallest cross-sectional dimension is 15 cm or more";6;m³;667,0;533930,0;67896,505
2022;FRA;France;Export;EST;Estonia;440323;"Wood; coniferous species, of fir (Abies spp.) and spruce (Picea spp.), in the rough, whether or not stripped of bark or sapwood, or roughly squared, untreated, of which the smallest cross-sectional dimension is 15 cm or more";6;m³;1204,0;962890,0;125469,98
2022;FRA;France;Export;DEU;Germany;440323;"Wood; coniferous species, of fir (Abies spp.) and spruce (Picea spp.), in the rough, whether or not stripped of bark or sapwood, or roughly squared, untreated, of which the smallest cross-sectional dimension is 15 cm or more";6;m³;117145,0;99389009,0;11088810,967
2022;FRA;France;Export;ITA;Italy;440323;"Wood; coniferous species, of fir (Abies spp.) and spruce (Picea spp.), in the rough, whether or not stripped of bark or sapwood, or roughly squared, untreated, of which the smallest cross-sectional dimension is 15 cm or more";6;m³;35904,0;;3397425,881
2022;FRA;France;Export;LVA;Latvia;440323;"Wood; coniferous species, of fir (Abies spp.) and spruce (Picea spp.), in the rough, whether or not stripped of bark or sapwood, or roughly squared, untreated, of which the smallest cross-sectional dimension is 15 cm or more";6;m³;14920,0;10581600,0;1678095,47
2022;FRA;France;Export;LTU;Lithuania;440323;"Wood; coniferous species, of fir (Abies spp.) and spruce (Picea spp.), in the rough, whether or not stripped of bark or sapwood, or roughly squared, untreated, of which the smallest cross-sectional dimension is 15 cm or more";6;m³;8752,0;6564183,0;1287110,032
2022;FRA;France;Export;LUX;Luxembourg;440323;"Wood; coniferous species, of fir (Abies spp.) and spruce (Picea spp.), in the rough, whether or not stripped of bark or sapwood, or roughly squared, untreated, of which the smallest cross-sectional dimension is 15 cm or more";6;m³;37599,0;24446670,0;2213970,764
2022;FRA;France;Export;NLD;Netherlands;440323;"Wood; coniferous species, of fir (Abies spp.) and spruce (Picea spp.), in the rough, whether or not stripped of bark or sapwood, or roughly squared, untreated, of which the smallest cross-sectional dimension is 15 cm or more";6;m³;12659,0;8828920,0;3366355,138
2022;FRA;France;Export;PAK;Pakistan;440323;"Wood; coniferous species, of fir (Abies spp.) and spruce (Picea spp.), in the rough, whether or not stripped of bark or sapwood, or roughly squared, untreated, of which the smallest cross-sectional dimension is 15 cm or more";6;m³;1212,0;998850,0;158094,102
2022;FRA;France;Export;PRT;Portugal;440323;"Wood; coniferous species, of fir (Abies spp.) and spruce (Picea spp.), in the rough, whether or not stripped of bark or sapwood, or roughly squared, untreated, of which the smallest cross-sectional dimension is 15 cm or more";6;m³;5653,0;;614886,873
2022;FRA;France;Export;KOR;Rep. of Korea;440323;"Wood; coniferous species, of fir (Abies spp.) and spruce (Picea spp.), in the rough, whether or not stripped of bark or sapwood, or roughly squared, untreated, of which the smallest cross-sectional dimension is 15 cm or more";6;m³;1,0;2,0;67,768
2022;FRA;France;Export;BLM;Saint Barthélemy;440323;"Wood; coniferous species, of fir (Abies spp.) and spruce (Picea spp.), in the rough, whether or not stripped of bark or sapwood, or roughly squared, untreated, of which the smallest cross-sectional dimension is 15 cm or more";6;m³;9,0;7404,0;24035,539
2022;FRA;France;Export;SVN;Slovenia;440323;"Wood; coniferous species, of fir (Abies spp.) and spruce (Picea spp.), in the rough, whether or not stripped of bark or sapwood, or roughly squared, untreated, of which the smallest cross-sectional dimension is 15 cm or more";6;m³;3159,0;2296800,0;184411,53
2022;FRA;France;Export;ESP;Spain;440323;"Wood; coniferous species, of fir (Abies spp.) and spruce (Picea spp.), in the rough, whether or not stripped of bark or sapwood, or roughly squared, untreated, of which the smallest cross-sectional dimension is 15 cm or more";6;m³;58007,0;39920984,0;5715746,187
2022;FRA;France;Export;CHE;Switzerland;440323;"Wood; coniferous species, of fir (Abies spp.) and spruce (Picea spp.), in the rough, whether or not stripped of bark or sapwood, or roughly squared, untreated, of which the smallest cross-sectional dimension is 15 cm or more";6;m³;11249,0;10837074,0;1372412,423
2022;FRA;France;Export;VNM;Viet Nam;440323;"Wood; coniferous species, of fir (Abies spp.) and spruce (Picea spp.), in the rough, whether or not stripped of bark or sapwood, or roughly squared, untreated, of which the smallest cross-sectional dimension is 15 cm or more";6;m³;105,0;100390,0;29396,653
2022;FRA;France;Export;W00;World;440323;"Wood; coniferous species, of fir (Abies spp.) and spruce (Picea spp.), in the rough, whether or not stripped of bark or sapwood, or roughly squared, untreated, of which the smallest cross-sectional dimension is 15 cm or more";6;m³;550255,0;;53583121,332
2022;FRA;France;Import;AUT;Austria;440323;"Wood; coniferous species, of fir (Abies spp.) and spruce (Picea spp.), in the rough, whether or not stripped of bark or sapwood, or roughly squared, untreated, of which the smallest cross-sectional dimension is 15 cm or more";6;m³;50,0;22005,0;28132,349
2022;FRA;France;Import;BEL;Belgium;440323;"Wood; coniferous species, of fir (Abies spp.) and spruce (Picea spp.), in the rough, whether or not stripped of bark or sapwood, or roughly squared, untreated, of which the smallest cross-sectional dimension is 15 cm or more";6;m³;4612,0;3331915,0;1287354,634
2022;FRA;France;Import;FIN;Finland;440323;"Wood; coniferous species, of fir (Abies spp.) and spruce (Picea spp.), in the rough, whether or not stripped of bark or sapwood, or roughly squared, untreated, of which the smallest cross-sectional dimension is 15 cm or more";6;m³;147,0;125111,0;41167,174
2022;FRA;France;Import;DEU;Germany;440323;"Wood; coniferous species, of fir (Abies spp.) and spruce (Picea spp.), in the rough, whether or not stripped of bark or sapwood, or roughly squared, untreated, of which the smallest cross-sectional dimension is 15 cm or more";6;m³;1578,0;776605,0;632190,047
2022;FRA;France;Import;LUX;Luxembourg;440323;"Wood; coniferous species, of fir (Abies spp.) and spruce (Picea spp.), in the rough, whether or not stripped of bark or sapwood, or roughly squared, untreated, of which the smallest cross-sectional dimension is 15 cm or more";6;m³;5,0;5320,0;281,662
2022;FRA;France;Import;NLD;Netherlands;440323;"Wood; coniferous species, of fir (Abies spp.) and spruce (Picea spp.), in the rough, whether or not stripped of bark or sapwood, or roughly squared, untreated, of which the smallest cross-sectional dimension is 15 cm or more";6;m³;84,0;64310,0;21116,204
2022;FRA;France;Import;POL;Poland;440323;"Wood; coniferous species, of fir (Abies spp.) and spruce (Picea spp.), in the rough, whether or not stripped of bark or sapwood, or roughly squared, untreated, of which the smallest cross-sectional dimension is 15 cm or more";6;m³;14037,0;6455820,0;621950,668
2022;FRA;France;Import;PRT;Portugal;440323;"Wood; coniferous species, of fir (Abies spp.) and spruce (Picea spp.), in the rough, whether or not stripped of bark or sapwood, or roughly squared, untreated, of which the smallest cross-sectional dimension is 15 cm or more";6;m³;74,0;65796,0;165280,727
2022;FRA;France;Import;SVN;Slovenia;440323;"Wood; coniferous species, of fir (Abies spp.) and spruce (Picea spp.), in the rough, whether or not stripped of bark or sapwood, or roughly squared, untreated, of which the smallest cross-sectional dimension is 15 cm or more";6;m³;3,0;1500,0;9450,512
2022;FRA;France;Import;ESP;Spain;440323;"Wood; coniferous species, of fir (Abies spp.) and spruce (Picea spp.), in the rough, whether or not stripped of bark or sapwood, or roughly squared, untreated, of which the smallest cross-sectional dimension is 15 cm or more";6;m³;51446,0;63492300,0;3695351,567
2022;FRA;France;Import;SWE;Sweden;440323;"Wood; coniferous species, of fir (Abies spp.) and spruce (Picea spp.), in the rough, whether or not stripped of bark or sapwood, or roughly squared, untreated, of which the smallest cross-sectional dimension is 15 cm or more";6;m³;39,0;45540,0;2411,072
2022;FRA;France;Import;CHE;Switzerland;440323;"Wood; coniferous species, of fir (Abies spp.) and spruce (Picea spp.), in the rough, whether or not stripped of bark or sapwood, or roughly squared, untreated, of which the smallest cross-sectional dimension is 15 cm or more";6;m³;48861,0;35064400,0;4647871,102
2022;FRA;France;Import;GBR;United Kingdom;440323;"Wood; coniferous species, of fir (Abies spp.) and spruce (Picea spp.), in the rough, whether or not stripped of bark or sapwood, or roughly squared, untreated, of which the smallest cross-sectional dimension is 15 cm or more";6;m³;49347,0;38475200,0;5558359,417
2022;FRA;France;Import;W00;World;440323;"Wood; coniferous species, of fir (Abies spp.) and spruce (Picea spp.), in the rough, whether or not stripped of bark or sapwood, or roughly squared, untreated, of which the smallest cross-sectional dimension is 15 cm or more";6;m³;170283,0;147925822,0;16710917,134
2022;GAB;Gabon;Import;FRA;France;440323;"Wood; coniferous species, of fir (Abies spp.) and spruce (Picea spp.), in the rough, whether or not stripped of bark or sapwood, or roughly squared, untreated, of which any cross-sectional dimension is 15 cm or more";6;m³;0,02;861,0;485,553
2022;DEU;Germany;Export;FRA;France;440323;"Wood; coniferous species, of fir (Abies spp.) and spruce (Picea spp.), in the rough, whether or not stripped of bark or sapwood, or roughly squared, untreated, of which the smallest cross-sectional dimension is 15 cm or more";6;m³;138639,0;101456990,0;11627394,879
2022;DEU;Germany;Import;FRA;France;440323;"Wood; coniferous species, of fir (Abies spp.) and spruce (Picea spp.), in the rough, whether or not stripped of bark or sapwood, or roughly squared, untreated, of which the smallest cross-sectional dimension is 15 cm or more";6;m³;276919,0;203961240,0;22622983,026
2022;IRL;Ireland;Import;FRA;France;440323;"Wood; coniferous species, of fir (Abies spp.) and spruce (Picea spp.), in the rough, whether or not stripped of bark or sapwood, or roughly squared, untreated, of which the smallest cross-sectional dimension is 15 cm or more";6;m³;9006,0;802447,406;142838,675
2022;ITA;Italy;Export;FRA;France;440323;"Wood; coniferous species, of fir (Abies spp.) and spruce (Picea spp.), in the rough, whether or not stripped of bark or sapwood, or roughly squared, untreated, of which the smallest cross-sectional dimension is 15 cm or more";6;m³;2258,033;620879,0;269564,654
2022;ITA;Italy;Import;FRA;France;440323;"Wood; coniferous species, of fir (Abies spp.) and spruce (Picea spp.), in the rough, whether or not stripped of bark or sapwood, or roughly squared, untreated, of which the smallest cross-sectional dimension is 15 cm or more";6;m³;22214,224;17847730,0;2381245,177
2022;LVA;Latvia;Import;FRA;France;440323;"Wood; coniferous species, of fir (Abies spp.) and spruce (Picea spp.), in the rough, whether or not stripped of bark or sapwood, or roughly squared, untreated, of which the smallest cross-sectional dimension is 15 cm or more";6;m³;13938,0;8669850,0;1590515,173
2022;LUX;Luxembourg;Export;FRA;France;440323;"Wood; coniferous species, of fir (Abies spp.) and spruce (Picea spp.), in the rough, whether or not stripped of bark or sapwood, or roughly squared, untreated, of which the smallest cross-sectional dimension is 15 cm or more";6;m³;15723,084;14554347,0;1043745,767
2022;LUX;Luxembourg;Import;FRA;France;440323;"Wood; coniferous species, of fir (Abies spp.) and spruce (Picea spp.), in the rough, whether or not stripped of bark or sapwood, or roughly squared, untreated, of which the smallest cross-sectional dimension is 15 cm or more";6;m³;232634,0;172312440,0;12367570,441
2022;MRT;Mauritania;Import;FRA;France;440323;"Wood; coniferous species, of fir (Abies spp.) and spruce (Picea spp.), in the rough, whether or not stripped of bark or sapwood, or roughly squared, untreated, of which any cross-sectional dimension is 15 cm or more";6;m³;24,2;20000,0;6887,015
2022;NLD;Netherlands;Export;FRA;France;440323;"Wood; coniferous species, of fir (Abies spp.) and spruce (Picea spp.), in the rough, whether or not stripped of bark or sapwood, or roughly squared, untreated, of which the smallest cross-sectional dimension is 15 cm or more";6;m³;2199,582;230056,0;19363,458
2022;NLD;Netherlands;Import;FRA;France;440323;"Wood; coniferous species, of fir (Abies spp.) and spruce (Picea spp.), in the rough, whether or not stripped of bark or sapwood, or roughly squared, untreated, of which the smallest cross-sectional dimension is 15 cm or more";6;m³;97,0;80258,0;11261,302
2022;POL;Poland;Export;FRA;France;440323;"Wood; coniferous species, of fir (Abies spp.) and spruce (Picea spp.), in the rough, whether or not stripped of bark or sapwood, or roughly squared, untreated, of which the smallest cross-sectional dimension is 15 cm or more";6;m³;4289,0;2710350,0;989283,0
2022;PRT;Portugal;Export;FRA;France;440323;"Wood; coniferous species, of fir (Abies spp.) and spruce (Picea spp.), in the rough, whether or not stripped of bark or sapwood, or roughly squared, untreated, of which the smallest cross-sectional dimension is 15 cm or more";6;m³;7,0;4775,0;3390,537
2022;PRT;Portugal;Import;FRA;France;440323;"Wood; coniferous species, of fir (Abies spp.) and spruce (Picea spp.), in the rough, whether or not stripped of bark or sapwood, or roughly squared, untreated, of which the smallest cross-sectional dimension is 15 cm or more";6;m³;1258,0;832638,0;525519,439
2022;ROU;Romania;Export;FRA;France;440323;"Wood; coniferous species, of fir (Abies spp.) and spruce (Picea spp.), in the rough, whether or not stripped of bark or sapwood, or roughly squared, untreated, of which the smallest cross-sectional dimension is 15 cm or more";6;m³;234,0;253019,0;230816,17
2022;SVN;Slovenia;Import;FRA;France;440323;"Wood; coniferous species, of fir (Abies spp.) and spruce (Picea spp.), in the rough, whether or not stripped of bark or sapwood, or roughly squared, untreated, of which the smallest cross-sectional dimension is 15 cm or more";6;m³;740,0;461218,0;47680,022
2022;ESP;Spain;Export;FRA;France;440323;"Wood; coniferous species, of fir (Abies spp.) and spruce (Picea spp.), in the rough, whether or not stripped of bark or sapwood, or roughly squared, untreated, of which the smallest cross-sectional dimension is 15 cm or more";6;m³;23468,0;46194,9;618864,401
2022;ESP;Spain;Import;FRA;France;440323;"Wood; coniferous species, of fir (Abies spp.) and spruce (Picea spp.), in the rough, whether or not stripped of bark or sapwood, or roughly squared, untreated, of which the smallest cross-sectional dimension is 15 cm or more";6;m³;56869,08;42957670,0;3342984,645
2022;CHE;Switzerland;Export;FRA;France;440323;"Wood; coniferous species, of fir (Abies spp.) and spruce (Picea spp.), in the rough, whether or not stripped of bark or sapwood, or roughly squared, untreated, of which the smallest cross-sectional dimension is 15 cm or more";6;m³;75778,0;54860188,0;7477185,211
2022;CHE;Switzerland;Import;FRA;France;440323;"Wood; coniferous species, of fir (Abies spp.) and spruce (Picea spp.), in the rough, whether or not stripped of bark or sapwood, or roughly squared, untreated, of which the smallest cross-sectional dimension is 15 cm or more";6;m³;1324,035;808727,0;214356,9
2022;ARE;United Arab Emirates;Export;FRA;France;440323;"Wood; coniferous species, of fir (Abies spp.) and spruce (Picea spp.), in the rough, whether or not stripped of bark or sapwood, or roughly squared, untreated, of which the smallest cross-sectional dimension is 15 cm or more";6;m³;17,409;14388,0;38889,856
2022;GBR;United Kingdom;Export;FRA;France;440323;"Wood; coniferous species, of fir (Abies spp.) and spruce (Picea spp.), in the rough, whether or not stripped of bark or sapwood, or roughly squared, untreated, of which the smallest cross-sectional dimension is 15 cm or more";6;m³;52515,0;42790550,0;3136742,346
2022;BEL;Belgium;Export;FRA;France;440349;"Wood, tropical; other than dark red meranti, light red meranti meranti bakau and teak, in the rough, whether or not stripped of bark or sapwood, or roughly squared, untreated";6;m³;1110,02;38833,34;37719,648
2022;BEL;Belgium;Import;FRA;France;440349;"Wood, tropical; other than dark red meranti, light red meranti meranti bakau and teak, in the rough, whether or not stripped of bark or sapwood, or roughly squared, untreated";6;m³;104,61;80613,03;122188,646
2022;BRA;Brazil;Export;FRA;France;440349;"Wood, tropical; other than dark red meranti, light red meranti meranti bakau and teak, in the rough, whether or not stripped of bark or sapwood, or roughly squared, untreated";6;m³;23,0;12020,0;29470,0
2022;CMR;Cameroon;Export;FRA;France;440349;"Wood, tropical; other than dark red meranti, light red meranti meranti bakau and teak, in the rough, whether or not stripped of bark or sapwood, or roughly squared, untreated";6;m³;710,1;634017,917;249788,85
2022;CAF;Central African Rep.;Export;FRA;France;440349;"Wood, tropical; other than dark red meranti, light red meranti and meranti bakau, in the rough, whether or not stripped of bark or sapwood, or roughly squared, untreated";6;m³;20072,03;17921455,0;527745,629
2022;COM;Comoros;Import;FRA;France;440349;"Wood, tropical; other than dark red meranti, light red meranti meranti bakau and teak, in the rough, whether or not stripped of bark or sapwood, or roughly squared, untreated";6;m³;14,371;12831,0;12395,323
2022;COG;Congo;Export;FRA;France;440349;"Wood, tropical; other than dark red meranti, light red meranti and meranti bakau, in the rough, whether or not stripped of bark or sapwood, or roughly squared, untreated";6;m³;16145,369;14415508,0;4779126,756
2022;COG;Congo;Import;FRA;France;440349;"Wood, tropical; other than dark red meranti, light red meranti and meranti bakau, in the rough, whether or not stripped of bark or sapwood, or roughly squared, untreated";6;m³;0,288;257,0;254,36
2022;COD;Dem. Rep. of the Congo;Export;FRA;France;440349;"Wood, tropical; as specified in Subheading Note 2 to this Chapter, other than dark red meranti, light red meranti and meranti bakau, in the rough, whether or not stripped of bark or sapwood, or roughly squared, untreated";6;m³;2426,566;4042049,0;967086,628
2022;DMA;Dominica;Import;FRA;France;440349;"Wood, tropical; other than dark red meranti, light red meranti and meranti bakau, in the rough, whether or not stripped of bark or sapwood, or roughly squared, untreated";6;m³;0,013;12,0;460,74
2022;FRA;France;Export;BEL;Belgium;440349;"Wood, tropical; other than dark red meranti, light red meranti meranti bakau and teak, in the rough, whether or not stripped of bark or sapwood, or roughly squared, untreated";6;m³;358,0;238881,0;54565,194
2022;FRA;France;Export;CZE;Czechia;440349;"Wood, tropical; other than dark red meranti, light red meranti meranti bakau and teak, in the rough, whether or not stripped of bark or sapwood, or roughly squared, untreated";6;m³;59,0;52170,0;19270,574
2022;FRA;France;Export;DNK;Denmark;440349;"Wood, tropical; other than dark red meranti, light red meranti meranti bakau and teak, in the rough, whether or not stripped of bark or sapwood, or roughly squared, untreated";6;m³;50,0;45000,0;6666,714
2022;FRA;France;Export;DEU;Germany;440349;"Wood, tropical; other than dark red meranti, light red meranti meranti bakau and teak, in the rough, whether or not stripped of bark or sapwood, or roughly squared, untreated";6;m³;3,0;3600,0;1091,706
2022;FRA;France;Export;IND;India;440349;"Wood, tropical; other than dark red meranti, light red meranti meranti bakau and teak, in the rough, whether or not stripped of bark or sapwood, or roughly squared, untreated";6;m³;25,0;21560,0;28735,911
2022;FRA;France;Export;ITA;Italy;440349;"Wood, tropical; other than dark red meranti, light red meranti meranti bakau and teak, in the rough, whether or not stripped of bark or sapwood, or roughly squared, untreated";6;m³;93,0;82810,0;74193,67
2022;FRA;France;Export;JPN;Japan;440349;"Wood, tropical; other than dark red meranti, light red meranti meranti bakau and teak, in the rough, whether or not stripped of bark or sapwood, or roughly squared, untreated";6;m³;351,0;343000,0;300585,594
2022;FRA;France;Export;PRT;Portugal;440349;"Wood, tropical; other than dark red meranti, light red meranti meranti bakau and teak, in the rough, whether or not stripped of bark or sapwood, or roughly squared, untreated";6;m³;1144,0;1372151,0;125091,96
2022;FRA;France;Export;SAU;Saudi Arabia;440349;"Wood, tropical; other than dark red meranti, light red meranti meranti bakau and teak, in the rough, whether or not stripped of bark or sapwood, or roughly squared, untreated";6;m³;44,0;115,0;2396,248
2022;FRA;France;Export;ESP;Spain;440349;"Wood, tropical; other than dark red meranti, light red meranti meranti bakau and teak, in the rough, whether or not stripped of bark or sapwood, or roughly squared, untreated";6;m³;163,006;140445,0;81223,581
2022;FRA;France;Export;CHE;Switzerland;440349;"Wood, tropical; other than dark red meranti, light red meranti meranti bakau and teak, in the rough, whether or not stripped of bark or sapwood, or roughly squared, untreated";6;m³;99,522;83469,0;112963,538
2022;FRA;France;Export;W00;World;440349;"Wood, tropical; other than dark red meranti, light red meranti meranti bakau and teak, in the rough, whether or not stripped of bark or sapwood, or roughly squared, untreated";6;m³;2389,527;2383201,0;806784,691
2022;FRA;France;Import;BEL;Belgium;440349;"Wood, tropical; other than dark red meranti, light red meranti meranti bakau and teak, in the rough, whether or not stripped of bark or sapwood, or roughly squared, untreated";6;m³;422,0;234868,0;529860,851
2022;FRA;France;Import;BRA;Brazil;440349;"Wood, tropical; other than dark red meranti, light red meranti meranti bakau and teak, in the rough, whether or not stripped of bark or sapwood, or roughly squared, untreated";6;m³;52,0;31534,0;84057,146
2022;FRA;France;Import;CMR;Cameroon;440349;"Wood, tropical; other than dark red meranti, light red meranti meranti bakau and teak, in the rough, whether or not stripped of bark or sapwood, or roughly squared, untreated";6;m³;2064,0;1707893,0;1237931,365
2022;FRA;France;Import;CAF;Central African Rep.;440349;"Wood, tropical; other than dark red meranti, light red meranti meranti bakau and teak, in the rough, whether or not stripped of bark or sapwood, or roughly squared, untreated";6;m³;9684,0;8513410,0;5313614,968
2022;FRA;France;Import;CHN;China;440349;"Wood, tropical; other than dark red meranti, light red meranti meranti bakau and teak, in the rough, whether or not stripped of bark or sapwood, or roughly squared, untreated";6;m³;166,0;66269,0;1450,667
2022;FRA;France;Import;COG;Congo;440349;"Wood, tropical; other than dark red meranti, light red meranti meranti bakau and teak, in the rough, whether or not stripped of bark or sapwood, or roughly squared, untreated";6;m³;11948,0;10853358,0;6896098,783
2022;FRA;France;Import;CIV;Côte d'Ivoire;440349;"Wood, tropical; other than dark red meranti, light red meranti meranti bakau and teak, in the rough, whether or not stripped of bark or sapwood, or roughly squared, untreated";6;N/A;0,0;12167,0;11957,943
2022;FRA;France;Import;COD;Dem. Rep. of the Congo;440349;"Wood, tropical; other than dark red meranti, light red meranti meranti bakau and teak, in the rough, whether or not stripped of bark or sapwood, or roughly squared, untreated";6;m³;8284,0;7846829,0;4372845,835
2022;FRA;France;Import;DEU;Germany;440349;"Wood, tropical; other than dark red meranti, light red meranti meranti bakau and teak, in the rough, whether or not stripped of bark or sapwood, or roughly squared, untreated";6;m³;341,0;12458,0;4252,466
2022;FRA;France;Import;IDN;Indonesia;440349;"Wood, tropical; other than dark red meranti, light red meranti meranti bakau and teak, in the rough, whether or not stripped of bark or sapwood, or roughly squared, untreated";6;m³;40,0;21181,0;74901,003
2022;FRA;France;Import;ITA;Italy;440349;"Wood, tropical; other than dark red meranti, light red meranti meranti bakau and teak, in the rough, whether or not stripped of bark or sapwood, or roughly squared, untreated";6;m³;299,0;176130,0;139255,551
2022;FRA;France;Import;JPN;Japan;440349;"Wood, tropical; other than dark red meranti, light red meranti meranti bakau and teak, in the rough, whether or not stripped of bark or sapwood, or roughly squared, untreated";6;m³;0,0;98,799;60,356
2022;FRA;France;Import;LBR;Liberia;440349;"Wood, tropical; other than dark red meranti, light red meranti meranti bakau and teak, in the rough, whether or not stripped of bark or sapwood, or roughly squared, untreated";6;m³;3073,0;3203680,0;1238893,888
2022;FRA;France;Import;MYS;Malaysia;440349;"Wood, tropical; other than dark red meranti, light red meranti meranti bakau and teak, in the rough, whether or not stripped of bark or sapwood, or roughly squared, untreated";6;m³;18,0;7390,0;381,197
2022;FRA;France;Import;NLD;Netherlands;440349;"Wood, tropical; other than dark red meranti, light red meranti meranti bakau and teak, in the rough, whether or not stripped of bark or sapwood, or roughly squared, untreated";6;m³;314,0;12940,0;4437,77
2022;FRA;France;Import;POL;Poland;440349;"Wood, tropical; other than dark red meranti, light red meranti meranti bakau and teak, in the rough, whether or not stripped of bark or sapwood, or roughly squared, untreated";6;m³;46,0;31555,0;96412,169
2022;FRA;France;Import;TUR;Türkiye;440349;"Wood, tropical; other than dark red meranti, light red meranti meranti bakau and teak, in the rough, whether or not stripped of bark or sapwood, or roughly squared, untreated";6;N/A;0,0;2,0;1,059
2022;FRA;France;Import;USA;USA;440349;"Wood, tropical; other than dark red meranti, light red meranti meranti bakau and teak, in the rough, whether or not stripped of bark or sapwood, or roughly squared, untreated";6;m³;24,0;5,0;540,029
2022;FRA;France;Import;GBR;United Kingdom;440349;"Wood, tropical; other than dark red meranti, light red meranti meranti bakau and teak, in the rough, whether or not stripped of bark or sapwood, or roughly squared, untreated";6;m³;0,0;8,667;5,294
2022;FRA;France;Import;VNM;Viet Nam;440349;"Wood, tropical; other than dark red meranti, light red meranti meranti bakau and teak, in the rough, whether or not stripped of bark or sapwood, or roughly squared, untreated";6;m³;37,0;20328,0;1301,365
2022;FRA;France;Import;W00;World;440349;"Wood, tropical; other than dark red meranti, light red meranti meranti bakau and teak, in the rough, whether or not stripped of bark or sapwood, or roughly squared, untreated";6;N/A;0,0;32752104,465;20008259,706
2022;DEU;Germany;Export;FRA;France;440349;"Wood, tropical; other than dark red meranti, light red meranti meranti bakau and teak, in the rough, whether or not stripped of bark or sapwood, or roughly squared, untreated";6;m³;34,22;34553,0;25323,138
2022;IND;India;Import;FRA;France;440349;"Wood, tropical; other than dark red meranti, light red meranti meranti bakau and teak, in the rough, whether or not stripped of bark or sapwood, or roughly squared, untreated";6;m³;712,0;353857,859;212803,745
2022;ITA;Italy;Export;FRA;France;440349;"Wood, tropical; other than dark red meranti, light red meranti meranti bakau and teak, in the rough, whether or not stripped of bark or sapwood, or roughly squared, untreated";6;m³;456,344;407450,0;1460923,85
2022;ITA;Italy;Import;FRA;France;440349;"Wood, tropical; other than dark red meranti, light red meranti meranti bakau and teak, in the rough, whether or not stripped of bark or sapwood, or roughly squared, untreated";6;m³;208,496;186157,0;201345,004
2022;JPN;Japan;Import;FRA;France;440349;"Wood, tropical; other than dark red meranti, light red meranti meranti bakau and teak, in the rough, whether or not stripped of bark or sapwood, or roughly squared, untreated";6;m³;338,0;502360,776;302110,725
2022;LUX;Luxembourg;Export;FRA;France;440349;"Wood, tropical; other than dark red meranti, light red meranti meranti bakau and teak, in the rough, whether or not stripped of bark or sapwood, or roughly squared, untreated";6;m³;91,25;384231,0;26432,553
2022;MDG;Madagascar;Import;FRA;France;440349;"Wood, tropical; other than dark red meranti, light red meranti meranti bakau and teak, in the rough, whether or not stripped of bark or sapwood, or roughly squared, untreated";6;m³;2,0;420,0;76,5
2022;NLD;Netherlands;Export;FRA;France;440349;"Wood, tropical; other than dark red meranti, light red meranti meranti bakau and teak, in the rough, whether or not stripped of bark or sapwood, or roughly squared, untreated";6;m³;20987,185;4037710,0;1272407,084
2022;NLD;Netherlands;Import;FRA;France;440349;"Wood, tropical; other than dark red meranti, light red meranti meranti bakau and teak, in the rough, whether or not stripped of bark or sapwood, or roughly squared, untreated";6;m³;425,728;397024,0;612073,986
2022;PAK;Pakistan;Import;FRA;France;440349;"Wood, tropical; other than dark red meranti, light red meranti meranti bakau and teak, in the rough, whether or not stripped of bark or sapwood, or roughly squared, untreated";6;m³;624,0;293790,443;180765,469
2022;PRT;Portugal;Export;FRA;France;440349;"Wood, tropical; other than dark red meranti, light red meranti meranti bakau and teak, in the rough, whether or not stripped of bark or sapwood, or roughly squared, untreated";6;m³;262,0;252626,0;210090,452
2022;PRT;Portugal;Import;FRA;France;440349;"Wood, tropical; other than dark red meranti, light red meranti meranti bakau and teak, in the rough, whether or not stripped of bark or sapwood, or roughly squared, untreated";6;m³;25,0;25097,0;19009,031
2022;ROU;Romania;Export;FRA;France;440349;"Wood, tropical; other than dark red meranti, light red meranti meranti bakau and teak, in the rough, whether or not stripped of bark or sapwood, or roughly squared, untreated";6;m³;0,339;303,0;2637,3
2022;SAU;Saudi Arabia;Import;FRA;France;440349;"Wood, tropical; other than dark red meranti, light red meranti meranti bakau and teak, in the rough, whether or not stripped of bark or sapwood, or roughly squared, untreated";6;m³;8,093;7226,0;101421,864
2022;SVN;Slovenia;Import;FRA;France;440349;"Wood, tropical; other than dark red meranti, light red meranti meranti bakau and teak, in the rough, whether or not stripped of bark or sapwood, or roughly squared, untreated";6;m³;18,0;13680,0;11841,017
2022;ZAF;South Africa;Export;FRA;France;440349;"Wood, tropical; other than dark red meranti, light red meranti meranti bakau and teak, in the rough, whether or not stripped of bark or sapwood, or roughly squared, untreated";6;m³;2382,65;2258792,068;766920,411
2022;ESP;Spain;Export;FRA;France;440349;"Wood, tropical; other than dark red meranti, light red meranti meranti bakau and teak, in the rough, whether or not stripped of bark or sapwood, or roughly squared, untreated";6;m³;1493,63;95484,4;145325,587
2022;ESP;Spain;Import;FRA;France;440349;"Wood, tropical; other than dark red meranti, light red meranti meranti bakau and teak, in the rough, whether or not stripped of bark or sapwood, or roughly squared, untreated";6;m³;221,436;180140,0;137895,834
2022;TUR;Türkiye;Export;FRA;France;440349;"Wood, tropical; other than dark red meranti, light red meranti meranti bakau and teak, in the rough, whether or not stripped of bark or sapwood, or roughly squared, untreated";6;m³;1,0;1,0;4,0
2022;ARE;United Arab Emirates;Export;FRA;France;440349;"Wood, tropical; other than dark red meranti, light red meranti meranti bakau and teak, in the rough, whether or not stripped of bark or sapwood, or roughly squared, untreated";6;m³;0,233;208,0;346,14
2022;AND;Andorra;Import;FRA;France;440391;"Wood; oak, in the rough, whether or not stripped of bark or sapwood, or roughly squared, untreated";6;m³;0,037;42,3;242,766
2022;AUT;Austria;Export;FRA;France;440391;"Wood; oak, in the rough, whether or not stripped of bark or sapwood, or roughly squared, untreated";6;m³;1273,941;1447660,0;1268575,04
2022;AUT;Austria;Import;FRA;France;440391;"Wood; oak, in the rough, whether or not stripped of bark or sapwood, or roughly squared, untreated";6;m³;1302,321;1479910,0;946744,424
2022;BEL;Belgium;Export;FRA;France;440391;"Wood; oak, in the rough, whether or not stripped of bark or sapwood, or roughly squared, untreated";6;m³;8402,51;9545656,06;3189787,544
2022;BEL;Belgium;Import;FRA;France;440391;"Wood; oak, in the rough, whether or not stripped of bark or sapwood, or roughly squared, untreated";6;m³;225912,33;246384046,05;29210550,922
2022;KHM;Cambodia;Import;FRA;France;440391;"Wood; oak, in the rough, whether or not stripped of bark or sapwood, or roughly squared, untreated";6;m³;24,0;24121,0;27169,78
2022;CAN;Canada;Import;FRA;France;440391;"Wood; oak, in the rough, whether or not stripped of bark or sapwood, or roughly squared, untreated";6;m³;15,0;3297,824;1760,971
2022;CHN;China;Import;FRA;France;440391;"Wood; oak, in the rough, whether or not stripped of bark or sapwood, or roughly squared, untreated";6;m³;520049,2;590965000,0;277575924,0
2022;CZE;Czechia;Export;FRA;France;440391;"Wood; oak, in the rough, whether or not stripped of bark or sapwood, or roughly squared, untreated";6;m³;1630,0;1465780,0;711108,0
2022;CZE;Czechia;Import;FRA;France;440391;"Wood; oak, in the rough, whether or not stripped of bark or sapwood, or roughly squared, untreated";6;m³;12345,0;8400341,0;5828899,0
2022;DNK;Denmark;Export;FRA;France;440391;"Wood; oak, in the rough, whether or not stripped of bark or sapwood, or roughly squared, untreated";6;m³;19,0;17699,0;1321,186
2022;FRA;France;Export;AUT;Austria;440391;"Wood; oak, in the rough, whether or not stripped of bark or sapwood, or roughly squared, untreated";6;m³;2943,0;2062262,0;1853000,366
2022;FRA;France;Export;BEL;Belgium;440391;"Wood; oak, in the rough, whether or not stripped of bark or sapwood, or roughly squared, untreated";6;m³;98790,0;94396450,0;13576820,121
2022;FRA;France;Export;KHM;Cambodia;440391;"Wood; oak, in the rough, whether or not stripped of bark or sapwood, or roughly squared, untreated";6;m³;1242,0;1280700,0;546691,763
2022;FRA;France;Export;CAN;Canada;440391;"Wood; oak, in the rough, whether or not stripped of bark or sapwood, or roughly squared, untreated";6;m³;260,0;3435,0;41945,451
2022;FRA;France;Export;CHN;China;440391;"Wood; oak, in the rough, whether or not stripped of bark or sapwood, or roughly squared, untreated";6;m³;279336,0;294766001,0;108320818,921
2022;FRA;France;Export;HKG;China, Hong Kong SAR;440391;"Wood; oak, in the rough, whether or not stripped of bark or sapwood, or roughly squared, untreated";6;m³;7596,0;8183351,0;2733127,387
2022;FRA;France;Export;CZE;Czechia;440391;"Wood; oak, in the rough, whether or not stripped of bark or sapwood, or roughly squared, untreated";6;m³;11812,0;6482680,0;3004138,437
2022;FRA;France;Export;DNK;Denmark;440391;"Wood; oak, in the rough, whether or not stripped of bark or sapwood, or roughly squared, untreated";6;m³;33598,0;33326150,0;8604254,824
2022;FRA;France;Export;DEU;Germany;440391;"Wood; oak, in the rough, whether or not stripped of bark or sapwood, or roughly squared, untreated";6;m³;23189,0;23360830,0;8925310,704
2022;FRA;France;Export;HUN;Hungary;440391;"Wood; oak, in the rough, whether or not stripped of bark or sapwood, or roughly squared, untreated";6;m³;134,0;92495,0;161312,042
2022;FRA;France;Export;IND;India;440391;"Wood; oak, in the rough, whether or not stripped of bark or sapwood, or roughly squared, untreated";6;m³;382,0;375380,0;140283,725
2022;FRA;France;Export;IDN;Indonesia;440391;"Wood; oak, in the rough, whether or not stripped of bark or sapwood, or roughly squared, untreated";6;m³;7050,0;7378170,0;3285068,024
2022;FRA;France;Export;IRL;Ireland;440391;"Wood; oak, in the rough, whether or not stripped of bark or sapwood, or roughly squared, untreated";6;m³;54,0;49000,0;59951,722
2022;FRA;France;Export;ISR;Israel;440391;"Wood; oak, in the rough, whether or not stripped of bark or sapwood, or roughly squared, untreated";6;m³;500,0;3500,0;72277,096
2022;FRA;France;Export;ITA;Italy;440391;"Wood; oak, in the rough, whether or not stripped of bark or sapwood, or roughly squared, untreated";6;m³;25693,0;25800440,0;9874820,9
2022;FRA;France;Export;JPN;Japan;440391;"Wood; oak, in the rough, whether or not stripped of bark or sapwood, or roughly squared, untreated";6;m³;356,0;379121,0;303097,26
2022;FRA;France;Export;LTU;Lithuania;440391;"Wood; oak, in the rough, whether or not stripped of bark or sapwood, or roughly squared, untreated";6;m³;2347,0;3287077,0;997489,15
2022;FRA;France;Export;LUX;Luxembourg;440391;"Wood; oak, in the rough, whether or not stripped of bark or sapwood, or roughly squared, untreated";6;m³;10171,0;6359371,0;453580,126
2022;FRA;France;Export;NLD;Netherlands;440391;"Wood; oak, in the rough, whether or not stripped of bark or sapwood, or roughly squared, untreated";6;m³;10602,0;12473800,0;3734969,597
2022;FRA;France;Export;S19;Other Asia, nes;440391;"Wood; oak, in the rough, whether or not stripped of bark or sapwood, or roughly squared, untreated";6;m³;516,0;447007,0;101833,64
2022;FRA;France;Export;POL;Poland;440391;"Wood; oak, in the rough, whether or not stripped of bark or sapwood, or roughly squared, untreated";6;m³;38,0;30840,0;22165,555
2022;FRA;France;Export;PRT;Portugal;440391;"Wood; oak, in the rough, whether or not stripped of bark or sapwood, or roughly squared, untreated";6;m³;11922,0;12493442,0;5711177,115
2022;FRA;France;Export;KOR;Rep. of Korea;440391;"Wood; oak, in the rough, whether or not stripped of bark or sapwood, or roughly squared, untreated";6;m³;3,0;260,0;825,927
2022;FRA;France;Export;ROU;Romania;440391;"Wood; oak, in the rough, whether or not stripped of bark or sapwood, or roughly squared, untreated";6;m³;161,0;109940,0;21449,751
2022;FRA;France;Export;BLM;Saint Barthélemy;440391;"Wood; oak, in the rough, whether or not stripped of bark or sapwood, or roughly squared, untreated";6;m³;22,0;2990,0;5376,997
2022;FRA;France;Export;SAU;Saudi Arabia;440391;"Wood; oak, in the rough, whether or not stripped of bark or sapwood, or roughly squared, untreated";6;m³;5,0;3,0;355,784
2022;FRA;France;Export;SGP;Singapore;440391;"Wood; oak, in the rough, whether or not stripped of bark or sapwood, or roughly squared, untreated";6;m³;664,0;751546,0;327795,658
2022;FRA;France;Export;SVN;Slovenia;440391;"Wood; oak, in the rough, whether or not stripped of bark or sapwood, or roughly squared, untreated";6;m³;2815,0;2930511,0;1619696,068
2022;FRA;France;Export;ESP;Spain;440391;"Wood; oak, in the rough, whether or not stripped of bark or sapwood, or roughly squared, untreated";6;m³;43529,0;38627410,0;14555707,91
2022;FRA;France;Export;SWE;Sweden;440391;"Wood; oak, in the rough, whether or not stripped of bark or sapwood, or roughly squared, untreated";6;m³;37,0;31402,0;32665,418
2022;FRA;France;Export;CHE;Switzerland;440391;"Wood; oak, in the rough, whether or not stripped of bark or sapwood, or roughly squared, untreated";6;m³;4881,0;4364380,0;1982753,52
2022;FRA;France;Export;TUR;Türkiye;440391;"Wood; oak, in the rough, whether or not stripped of bark or sapwood, or roughly squared, untreated";6;m³;864,0;1067120,0;334066,351
2022;FRA;France;Export;USA;USA;440391;"Wood; oak, in the rough, whether or not stripped of bark or sapwood, or roughly squared, untreated";6;m³;909,0;66294,0;183476,538
2022;FRA;France;Export;GBR;United Kingdom;440391;"Wood; oak, in the rough, whether or not stripped of bark or sapwood, or roughly squared, untreated";6;m³;10275,0;5662639,195;2642664,011
2022;FRA;France;Export;VNM;Viet Nam;440391;"Wood; oak, in the rough, whether or not stripped of bark or sapwood, or roughly squared, untreated";6;m³;17751,0;16452600,0;5635731,848
2022;FRA;France;Export;W00;World;440391;"Wood; oak, in the rough, whether or not stripped of bark or sapwood, or roughly squared, untreated";6;m³;610447,0;603098597,195;199866699,706
2022;FRA;France;Import;AUT;Austria;440391;"Wood; oak, in the rough, whether or not stripped of bark or sapwood, or roughly squared, untreated";6;m³;651,0;619970,0;498419,499
2022;FRA;France;Import;BEL;Belgium;440391;"Wood; oak, in the rough, whether or not stripped of bark or sapwood, or roughly squared, untreated";6;m³;10256,0;9632760,0;3095215,964
2022;FRA;France;Import;HRV;Croatia;440391;"Wood; oak, in the rough, whether or not stripped of bark or sapwood, or roughly squared, untreated";6;m³;4,0;3600,0;11170,135
2022;FRA;France;Import;FIN;Finland;440391;"Wood; oak, in the rough, whether or not stripped of bark or sapwood, or roughly squared, untreated";6;m³;42,0;23695,0;23069,839
2022;FRA;France;Import;FRA;France;440391;"Wood; oak, in the rough, whether or not stripped of bark or sapwood, or roughly squared, untreated";6;m³;3453,0;3378670,0;1568666,477
2022;FRA;France;Import;DEU;Germany;440391;"Wood; oak, in the rough, whether or not stripped of bark or sapwood, or roughly squared, untreated";6;m³;31099,0;11092836,0;7494337,929
2022;FRA;France;Import;ITA;Italy;440391;"Wood; oak, in the rough, whether or not stripped of bark or sapwood, or roughly squared, untreated";6;m³;286,0;281941,0;117045,524
2022;FRA;France;Import;JPN;Japan;440391;"Wood; oak, in the rough, whether or not stripped of bark or sapwood, or roughly squared, untreated";6;m³;2,0;5,0;463,79
2022;FRA;France;Import;LVA;Latvia;440391;"Wood; oak, in the rough, whether or not stripped of bark or sapwood, or roughly squared, untreated";6;m³;7,0;77,0;9036,49
2022;FRA;France;Import;LTU;Lithuania;440391;"Wood; oak, in the rough, whether or not stripped of bark or sapwood, or roughly squared, untreated";6;m³;2242,0;306670,0;1141373,07
2022;FRA;France;Import;LUX;Luxembourg;440391;"Wood; oak, in the rough, whether or not stripped of bark or sapwood, or roughly squared, untreated";6;m³;507,0;476892,0;1676511,384
2022;FRA;France;Import;NLD;Netherlands;440391;"Wood; oak, in the rough, whether or not stripped of bark or sapwood, or roughly squared, untreated";6;m³;923,0;855667,0;775989,257
2022;FRA;France;Import;POL;Poland;440391;"Wood; oak, in the rough, whether or not stripped of bark or sapwood, or roughly squared, untreated";6;m³;267,0;140811,0;157860,09
2022;FRA;France;Import;PRT;Portugal;440391;"Wood; oak, in the rough, whether or not stripped of bark or sapwood, or roughly squared, untreated";6;m³;20,0;19621,0;8409,633
2022;FRA;France;Import;ROU;Romania;440391;"Wood; oak, in the rough, whether or not stripped of bark or sapwood, or roughly squared, untreated";6;m³;115,0;138000,0;318588,688
2022;FRA;France;Import;SVK;Slovakia;440391;"Wood; oak, in the rough, whether or not stripped of bark or sapwood, or roughly squared, untreated";6;m³;57,0;48300,0;76056,242
2022;FRA;France;Import;SVN;Slovenia;440391;"Wood; oak, in the rough, whether or not stripped of bark or sapwood, or roughly squared, untreated";6;m³;1340,0;1588030,0;976417,419
2022;FRA;France;Import;ESP;Spain;440391;"Wood; oak, in the rough, whether or not stripped of bark or sapwood, or roughly squared, untreated";6;m³;11897,0;11819000,0;2214644,213
2022;FRA;France;Import;CHE;Switzerland;440391;"Wood; oak, in the rough, whether or not stripped of bark or sapwood, or roughly squared, untreated";6;m³;1336,0;1430630,0;596248,451
2022;FRA;France;Import;GBR;United Kingdom;440391;"Wood; oak, in the rough, whether or not stripped of bark or sapwood, or roughly squared, untreated";6;m³;1,0;1,0;217,071
2022;FRA;France;Import;W00;World;440391;"Wood; oak, in the rough, whether or not stripped of bark or sapwood, or roughly squared, untreated";6;m³;64505,0;41857176,0;20759741,163
2022;PYF;French Polynesia;Import;FRA;France;440391;"Wood; oak, in the rough, whether or not stripped of bark or sapwood, or roughly squared, untreated";6;m³;3,0;5211,09;7250,719
2022;DEU;Germany;Export;FRA;France;440391;"Wood; oak, in the rough, whether or not stripped of bark or sapwood, or roughly squared, untreated";6;m³;5571,0;5282560,0;3348751,242
2022;DEU;Germany;Import;FRA;France;440391;"Wood; oak, in the rough, whether or not stripped of bark or sapwood, or roughly squared, untreated";6;m³;10345,004;10477127,908;5436601,873
2022;IND;India;Import;FRA;France;440391;"Wood; oak, in the rough, whether or not stripped of bark or sapwood, or roughly squared, untreated";6;m³;1987,0;1102473,997;602450,1
2022;IDN;Indonesia;Import;FRA;France;440391;"Wood; oak, in the rough, whether or not stripped of bark or sapwood, or roughly squared, untreated";6;m³;10231,327;11626508,0;5912135,0
2022;ITA;Italy;Export;FRA;France;440391;"Wood; oak, in the rough, whether or not stripped of bark or sapwood, or roughly squared, untreated";6;m³;3,336;3791,0;2939,059
2022;ITA;Italy;Import;FRA;France;440391;"Wood; oak, in the rough, whether or not stripped of bark or sapwood, or roughly squared, untreated";6;m³;17432,888;19810100,0;6711793,939
2022;JPN;Japan;Import;FRA;France;440391;"Wood; oak, in the rough, whether or not stripped of bark or sapwood, or roughly squared, untreated";6;m³;648,0;1159419,019;633567,872
2022;LUX;Luxembourg;Export;FRA;France;440391;"Wood; oak, in the rough, whether or not stripped of bark or sapwood, or roughly squared, untreated";6;m³;475,41;768886,0;166983,859
2022;LUX;Luxembourg;Import;FRA;France;440391;"Wood; oak, in the rough, whether or not stripped of bark or sapwood, or roughly squared, untreated";6;m³;14717,01;4305400,0;935030,3
2022;MAR;Morocco;Import;FRA;France;440391;"Wood; oak, in the rough, whether or not stripped of bark or sapwood, or roughly squared, untreated";6;m³;0,07;36,1;105,997
2022;NLD;Netherlands;Export;FRA;France;440391;"Wood; oak, in the rough, whether or not stripped of bark or sapwood, or roughly squared, untreated";6;m³;487,0;465641,0;371947,307
2022;NLD;Netherlands;Import;FRA;France;440391;"Wood; oak, in the rough, whether or not stripped of bark or sapwood, or roughly squared, untreated";6;m³;87,0;99618,0;21634,884
2022;PRT;Portugal;Import;FRA;France;440391;"Wood; oak, in the rough, whether or not stripped of bark or sapwood, or roughly squared, untreated";6;m³;7186,0;5806705,0;3036901,272
2022;ROU;Romania;Export;FRA;France;440391;"Wood; oak, in the rough, whether or not stripped of bark or sapwood, or roughly squared, untreated";6;m³;52,0;59542,0;24752,89
2022;ROU;Romania;Import;FRA;France;440391;"Wood; oak, in the rough, whether or not stripped of bark or sapwood, or roughly squared, untreated";6;m³;301,0;264883,0;34498,36
2022;SEN;Senegal;Import;FRA;France;440391;"Wood; oak, in the rough, whether or not stripped of bark or sapwood, or roughly squared, untreated";6;m³;0,282;321,0;4619,618
2022;SRB;Serbia;Export;FRA;France;440391;"Wood; oak, in the rough, whether or not stripped of bark or sapwood, or roughly squared, untreated";6;m³;21,0;23500,0;8748,0
2022;SVN;Slovenia;Export;FRA;France;440391;"Wood; oak, in the rough, whether or not stripped of bark or sapwood, or roughly squared, untreated";6;m³;1297,0;1561330,0;798955,383
2022;SVN;Slovenia;Import;FRA;France;440391;"Wood; oak, in the rough, whether or not stripped of bark or sapwood, or roughly squared, untreated";6;m³;7022,0;6644876,0;4193021,823
2022;ESP;Spain;Export;FRA;France;440391;"Wood; oak, in the rough, whether or not stripped of bark or sapwood, or roughly squared, untreated";6;m³;5094,39;2954650,0;1879367,845
2022;ESP;Spain;Import;FRA;France;440391;"Wood; oak, in the rough, whether or not stripped of bark or sapwood, or roughly squared, untreated";6;m³;127271,0;60232000,0;15715905,215
2022;SWE;Sweden;Import;FRA;France;440391;"Wood; oak, in the rough, whether or not stripped of bark or sapwood, or roughly squared, untreated";6;m³;5,0;5000,0;2966,112
2022;CHE;Switzerland;Export;FRA;France;440391;"Wood; oak, in the rough, whether or not stripped of bark or sapwood, or roughly squared, untreated";6;m³;1670,0;1831298,0;770110,083
2022;CHE;Switzerland;Import;FRA;France;440391;"Wood; oak, in the rough, whether or not stripped of bark or sapwood, or roughly squared, untreated";6;m³;4456,128;4297815,0;1729103,216
2022;THA;Thailand;Import;FRA;France;440391;"Wood; oak, in the rough, whether or not stripped of bark or sapwood, or roughly squared, untreated";6;m³;0,089;101,0;2159,738
2022;TUR;Türkiye;Export;FRA;France;440391;"Wood; oak, in the rough, whether or not stripped of bark or sapwood, or roughly squared, untreated";6;m³;1,0;300,0;109,0
2022;TUR;Türkiye;Import;FRA;France;440391;"Wood; oak, in the rough, whether or not stripped of bark or sapwood, or roughly squared, untreated";6;m³;2273,0;2663695,0;1120960,0
2022;USA;USA;Export;FRA;France;440391;"Wood; oak, in the rough, whether or not stripped of bark or sapwood, or roughly squared, untreated";6;m³;4,0;6685,357;2650,0
2022;USA;USA;Import;FRA;France;440391;"Wood; oak, in the rough, whether or not stripped of bark or sapwood, or roughly squared, untreated";6;m³;879,0;1271152,582;694625,0
2022;ARE;United Arab Emirates;Import;FRA;France;440391;"Wood; oak, in the rough, whether or not stripped of bark or sapwood, or roughly squared, untreated";6;m³;0,001;1,0;35,058
2022;GBR;United Kingdom;Export;FRA;France;440391;"Wood; oak, in the rough, whether or not stripped of bark or sapwood, or roughly squared, untreated";6;m³;1,0;;1824,99
2022;GBR;United Kingdom;Import;FRA;France;440391;"Wood; oak, in the rough, whether or not stripped of bark or sapwood, or roughly squared, untreated";6;m³;168421,0;;4053644,413
2022;VNM;Viet Nam;Import;FRA;France;440391;"Wood; oak, in the rough, whether or not stripped of bark or sapwood, or roughly squared, untreated";6;m³;11671,426;12623212,824;6740539,432
2023;BEL;Belgium;Export;FRA;France;440323;"Wood; coniferous species, of fir (Abies spp.) and spruce (Picea spp.), in the rough, whether or not stripped of bark or sapwood, or roughly squared, untreated, of which the smallest cross-sectional dimension is 15 cm or more";6;m³;17355,86;35805114,3;3033408,752
2023;BEL;Belgium;Import;FRA;France;440323;"Wood; coniferous species, of fir (Abies spp.) and spruce (Picea spp.), in the rough, whether or not stripped of bark or sapwood, or roughly squared, untreated, of which the smallest cross-sectional dimension is 15 cm or more";6;m³;195512,61;163167476,91;15944188,567
2023;CHN;China;Import;FRA;France;440323;"Wood; coniferous species, of fir (Abies spp.) and spruce (Picea spp.), in the rough, whether or not stripped of bark or sapwood, or roughly squared, untreated, of which the smallest cross-sectional dimension is 15 cm or more";6;m³;222241,148;183670370,0;38791749,0
2023;DNK;Denmark;Import;FRA;France;440323;"Wood; coniferous species, of fir (Abies spp.) and spruce (Picea spp.), in the rough, whether or not stripped of bark or sapwood, or roughly squared, untreated, of which the smallest cross-sectional dimension is 15 cm or more";6;m³;12,0;9289,0;13875,78
2023;FRA;France;Export;BEL;Belgium;440323;"Wood; coniferous species, of fir (Abies spp.) and spruce (Picea spp.), in the rough, whether or not stripped of bark or sapwood, or roughly squared, untreated, of which the smallest cross-sectional dimension is 15 cm or more";6;m³;149573,0;99162860,0;14432521,189
2023;FRA;France;Export;CHN;China;440323;"Wood; coniferous species, of fir (Abies spp.) and spruce (Picea spp.), in the rough, whether or not stripped of bark or sapwood, or roughly squared, untreated, of which the smallest cross-sectional dimension is 15 cm or more";6;m³;61739,0;46561800,0;7675933,292
2023;FRA;France;Export;HKG;China, Hong Kong SAR;440323;"Wood; coniferous species, of fir (Abies spp.) and spruce (Picea spp.), in the rough, whether or not stripped of bark or sapwood, or roughly squared, untreated, of which the smallest cross-sectional dimension is 15 cm or more";6;m³;3964,0;2900390,0;393507,523
2023;FRA;France;Export;DNK;Denmark;440323;"Wood; coniferous species, of fir (Abies spp.) and spruce (Picea spp.), in the rough, whether or not stripped of bark or sapwood, or roughly squared, untreated, of which the smallest cross-sectional dimension is 15 cm or more";6;m³;1681,0;1462815,0;204499,835
2023;FRA;France;Export;DEU;Germany;440323;"Wood; coniferous species, of fir (Abies spp.) and spruce (Picea spp.), in the rough, whether or not stripped of bark or sapwood, or roughly squared, untreated, of which the smallest cross-sectional dimension is 15 cm or more";6;m³;146899,0;121324565,0;13160305,038
2023;FRA;France;Export;ITA;Italy;440323;"Wood; coniferous species, of fir (Abies spp.) and spruce (Picea spp.), in the rough, whether or not stripped of bark or sapwood, or roughly squared, untreated, of which the smallest cross-sectional dimension is 15 cm or more";6;m³;37587,0;30326656,0;3919416,265
2023;FRA;France;Export;LVA;Latvia;440323;"Wood; coniferous species, of fir (Abies spp.) and spruce (Picea spp.), in the rough, whether or not stripped of bark or sapwood, or roughly squared, untreated, of which the smallest cross-sectional dimension is 15 cm or more";6;m³;7733,0;5513050,0;893975,082
2023;FRA;France;Export;LTU;Lithuania;440323;"Wood; coniferous species, of fir (Abies spp.) and spruce (Picea spp.), in the rough, whether or not stripped of bark or sapwood, or roughly squared, untreated, of which the smallest cross-sectional dimension is 15 cm or more";6;m³;6024,0;4541380,0;688487,43
2023;FRA;France;Export;LUX;Luxembourg;440323;"Wood; coniferous species, of fir (Abies spp.) and spruce (Picea spp.), in the rough, whether or not stripped of bark or sapwood, or roughly squared, untreated, of which the smallest cross-sectional dimension is 15 cm or more";6;m³;30642,0;22922360,0;1924229,599
2023;FRA;France;Export;NLD;Netherlands;440323;"Wood; coniferous species, of fir (Abies spp.) and spruce (Picea spp.), in the rough, whether or not stripped of bark or sapwood, or roughly squared, untreated, of which the smallest cross-sectional dimension is 15 cm or more";6;m³;11725,0;9518760,0;2754591,911
2023;FRA;France;Export;PAK;Pakistan;440323;"Wood; coniferous species, of fir (Abies spp.) and spruce (Picea spp.), in the rough, whether or not stripped of bark or sapwood, or roughly squared, untreated, of which the smallest cross-sectional dimension is 15 cm or more";6;m³;139,0;134600,0;15129,076
2023;FRA;France;Export;POL;Poland;440323;"Wood; coniferous species, of fir (Abies spp.) and spruce (Picea spp.), in the rough, whether or not stripped of bark or sapwood, or roughly squared, untreated, of which the smallest cross-sectional dimension is 15 cm or more";6;m³;10780,0;8514140,0;576287,387
2023;FRA;France;Export;PRT;Portugal;440323;"Wood; coniferous species, of fir (Abies spp.) and spruce (Picea spp.), in the rough, whether or not stripped of bark or sapwood, or roughly squared, untreated, of which the smallest cross-sectional dimension is 15 cm or more";6;m³;5300,0;5240570,0;461504,41
2023;FRA;France;Export;SVN;Slovenia;440323;"Wood; coniferous species, of fir (Abies spp.) and spruce (Picea spp.), in the rough, whether or not stripped of bark or sapwood, or roughly squared, untreated, of which the smallest cross-sectional dimension is 15 cm or more";6;m³;283,0;222100,0;18709,638
2023;FRA;France;Export;ESP;Spain;440323;"Wood; coniferous species, of fir (Abies spp.) and spruce (Picea spp.), in the rough, whether or not stripped of bark or sapwood, or roughly squared, untreated, of which the smallest cross-sectional dimension is 15 cm or more";6;m³;41883,0;34926555,0;4141696,798
2023;FRA;France;Export;CHE;Switzerland;440323;"Wood; coniferous species, of fir (Abies spp.) and spruce (Picea spp.), in the rough, whether or not stripped of bark or sapwood, or roughly squared, untreated, of which the smallest cross-sectional dimension is 15 cm or more";6;m³;9670,0;8543320,0;1242130,267
2023;FRA;France;Export;TUN;Tunisia;440323;"Wood; coniferous species, of fir (Abies spp.) and spruce (Picea spp.), in the rough, whether or not stripped of bark or sapwood, or roughly squared, untreated, of which the smallest cross-sectional dimension is 15 cm or more";6;m³;26,0;25730,0;39152,862
2023;FRA;France;Export;USA;USA;440323;"Wood; coniferous species, of fir (Abies spp.) and spruce (Picea spp.), in the rough, whether or not stripped of bark or sapwood, or roughly squared, untreated, of which the smallest cross-sectional dimension is 15 cm or more";6;N/A;0,0;;31482,564
2023;FRA;France;Export;VNM;Viet Nam;440323;"Wood; coniferous species, of fir (Abies spp.) and spruce (Picea spp.), in the rough, whether or not stripped of bark or sapwood, or roughly squared, untreated, of which the smallest cross-sectional dimension is 15 cm or more";6;m³;1036,0;799693,0;253417,471
2023;FRA;France;Export;W00;World;440323;"Wood; coniferous species, of fir (Abies spp.) and spruce (Picea spp.), in the rough, whether or not stripped of bark or sapwood, or roughly squared, untreated, of which the smallest cross-sectional dimension is 15 cm or more";6;N/A;0,0;;52826977,64
2023;FRA;France;Import;_X ;Areas, nes;440323;"Wood; coniferous species, of fir (Abies spp.) and spruce (Picea spp.), in the rough, whether or not stripped of bark or sapwood, or roughly squared, untreated, of which the smallest cross-sectional dimension is 15 cm or more";6;m³;1,0;80,0;268,215
2023;FRA;France;Import;BEL;Belgium;440323;"Wood; coniferous species, of fir (Abies spp.) and spruce (Picea spp.), in the rough, whether or not stripped of bark or sapwood, or roughly squared, untreated, of which the smallest cross-sectional dimension is 15 cm or more";6;m³;6724,0;5243130,0;1431170,664
2023;FRA;France;Import;FIN;Finland;440323;"Wood; coniferous species, of fir (Abies spp.) and spruce (Picea spp.), in the rough, whether or not stripped of bark or sapwood, or roughly squared, untreated, of which the smallest cross-sectional dimension is 15 cm or more";6;m³;50,0;38177,0;21399,421
2023;FRA;France;Import;DEU;Germany;440323;"Wood; coniferous species, of fir (Abies spp.) and spruce (Picea spp.), in the rough, whether or not stripped of bark or sapwood, or roughly squared, untreated, of which the smallest cross-sectional dimension is 15 cm or more";6;m³;1053,0;709945,0;437987,616
2023;FRA;France;Import;LTU;Lithuania;440323;"Wood; coniferous species, of fir (Abies spp.) and spruce (Picea spp.), in the rough, whether or not stripped of bark or sapwood, or roughly squared, untreated, of which the smallest cross-sectional dimension is 15 cm or more";6;m³;286,0;211500,0;68487,525
2023;FRA;France;Import;NLD;Netherlands;440323;"Wood; coniferous species, of fir (Abies spp.) and spruce (Picea spp.), in the rough, whether or not stripped of bark or sapwood, or roughly squared, untreated, of which the smallest cross-sectional dimension is 15 cm or more";6;m³;24,0;9011,0;49994,857
2023;FRA;France;Import;POL;Poland;440323;"Wood; coniferous species, of fir (Abies spp.) and spruce (Picea spp.), in the rough, whether or not stripped of bark or sapwood, or roughly squared, untreated, of which the smallest cross-sectional dimension is 15 cm or more";6;m³;3076,0;2398954,0;245866,017
2023;FRA;France;Import;PRT;Portugal;440323;"Wood; coniferous species, of fir (Abies spp.) and spruce (Picea spp.), in the rough, whether or not stripped of bark or sapwood, or roughly squared, untreated, of which the smallest cross-sectional dimension is 15 cm or more";6;m³;25861,0;31927100,0;5436810,45
2023;FRA;France;Import;ESP;Spain;440323;"Wood; coniferous species, of fir (Abies spp.) and spruce (Picea spp.), in the rough, whether or not stripped of bark or sapwood, or roughly squared, untreated, of which the smallest cross-sectional dimension is 15 cm or more";6;m³;71084,0;85623100,0;5631239,135
2023;FRA;France;Import;SWE;Sweden;440323;"Wood; coniferous species, of fir (Abies spp.) and spruce (Picea spp.), in the rough, whether or not stripped of bark or sapwood, or roughly squared, untreated, of which the smallest cross-sectional dimension is 15 cm or more";6;m³;5,0;4045,0;1937,472
2023;FRA;France;Import;CHE;Switzerland;440323;"Wood; coniferous species, of fir (Abies spp.) and spruce (Picea spp.), in the rough, whether or not stripped of bark or sapwood, or roughly squared, untreated, of which the smallest cross-sectional dimension is 15 cm or more";6;m³;46387,0;33569300,0;4607437,045
2023;FRA;France;Import;GBR;United Kingdom;440323;"Wood; coniferous species, of fir (Abies spp.) and spruce (Picea spp.), in the rough, whether or not stripped of bark or sapwood, or roughly squared, untreated, of which the smallest cross-sectional dimension is 15 cm or more";6;m³;2672,0;2227000,0;300472,865
2023;FRA;France;Import;W00;World;440323;"Wood; coniferous species, of fir (Abies spp.) and spruce (Picea spp.), in the rough, whether or not stripped of bark or sapwood, or roughly squared, untreated, of which the smallest cross-sectional dimension is 15 cm or more";6;m³;157223,0;161961342,0;18233071,284
2023;DEU;Germany;Export;FRA;France;440323;"Wood; coniferous species, of fir (Abies spp.) and spruce (Picea spp.), in the rough, whether or not stripped of bark or sapwood, or roughly squared, untreated, of which the smallest cross-sectional dimension is 15 cm or more";6;m³;91770,0;71565890,0;9413043,612
2023;DEU;Germany;Import;FRA;France;440323;"Wood; coniferous species, of fir (Abies spp.) and spruce (Picea spp.), in the rough, whether or not stripped of bark or sapwood, or roughly squared, untreated, of which the smallest cross-sectional dimension is 15 cm or more";6;m³;226343,0;166406750,0;18307755,014
2023;IRL;Ireland;Import;FRA;France;440323;"Wood; coniferous species, of fir (Abies spp.) and spruce (Picea spp.), in the rough, whether or not stripped of bark or sapwood, or roughly squared, untreated, of which the smallest cross-sectional dimension is 15 cm or more";6;m³;9370,0;;151776,595
2023;ITA;Italy;Export;FRA;France;440323;"Wood; coniferous species, of fir (Abies spp.) and spruce (Picea spp.), in the rough, whether or not stripped of bark or sapwood, or roughly squared, untreated, of which the smallest cross-sectional dimension is 15 cm or more";6;m³;1085,0;883216,0;501628,626
2023;ITA;Italy;Import;FRA;France;440323;"Wood; coniferous species, of fir (Abies spp.) and spruce (Picea spp.), in the rough, whether or not stripped of bark or sapwood, or roughly squared, untreated, of which the smallest cross-sectional dimension is 15 cm or more";6;m³;26368,0;17168220,0;2989309,827
2023;LVA;Latvia;Import;FRA;France;440323;"Wood; coniferous species, of fir (Abies spp.) and spruce (Picea spp.), in the rough, whether or not stripped of bark or sapwood, or roughly squared, untreated, of which the smallest cross-sectional dimension is 15 cm or more";6;m³;11930,0;7701155,0;1316394,806
2023;LUX;Luxembourg;Export;FRA;France;440323;"Wood; coniferous species, of fir (Abies spp.) and spruce (Picea spp.), in the rough, whether or not stripped of bark or sapwood, or roughly squared, untreated, of which the smallest cross-sectional dimension is 15 cm or more";6;m³;23441,454;21412310,0;1576703,35
2023;LUX;Luxembourg;Import;FRA;France;440323;"Wood; coniferous species, of fir (Abies spp.) and spruce (Picea spp.), in the rough, whether or not stripped of bark or sapwood, or roughly squared, untreated, of which the smallest cross-sectional dimension is 15 cm or more";6;m³;177719,96;145903570,0;10804435,958
2023;NLD;Netherlands;Export;FRA;France;440323;"Wood; coniferous species, of fir (Abies spp.) and spruce (Picea spp.), in the rough, whether or not stripped of bark or sapwood, or roughly squared, untreated, of which the smallest cross-sectional dimension is 15 cm or more";6;m³;77,0;63325,0;12136,159
2023;NLD;Netherlands;Import;FRA;France;440323;"Wood; coniferous species, of fir (Abies spp.) and spruce (Picea spp.), in the rough, whether or not stripped of bark or sapwood, or roughly squared, untreated, of which the smallest cross-sectional dimension is 15 cm or more";6;m³;6721,0;5615714,0;887962,66
2023;POL;Poland;Export;FRA;France;440323;"Wood; coniferous species, of fir (Abies spp.) and spruce (Picea spp.), in the rough, whether or not stripped of bark or sapwood, or roughly squared, untreated, of which the smallest cross-sectional dimension is 15 cm or more";6;m³;903,0;562938,0;288823,0
2023;PRT;Portugal;Import;FRA;France;440323;"Wood; coniferous species, of fir (Abies spp.) and spruce (Picea spp.), in the rough, whether or not stripped of bark or sapwood, or roughly squared, untreated, of which the smallest cross-sectional dimension is 15 cm or more";6;m³;459,0;252379,325;162831,485
2023;ROU;Romania;Export;FRA;France;440323;"Wood; coniferous species, of fir (Abies spp.) and spruce (Picea spp.), in the rough, whether or not stripped of bark or sapwood, or roughly squared, untreated, of which the smallest cross-sectional dimension is 15 cm or more";6;m³;338,0;325865,0;271888,27
2023;SAU;Saudi Arabia;Import;FRA;France;440323;"Wood; coniferous species, of fir (Abies spp.) and spruce (Picea spp.), in the rough, whether or not stripped of bark or sapwood, or roughly squared, untreated, of which the smallest cross-sectional dimension is 15 cm or more";6;m³;78,569;59596,03;8140,266
2023;SVN;Slovenia;Import;FRA;France;440323;"Wood; coniferous species, of fir (Abies spp.) and spruce (Picea spp.), in the rough, whether or not stripped of bark or sapwood, or roughly squared, untreated, of which the smallest cross-sectional dimension is 15 cm or more";6;m³;1985,238;1296422,0;134950,401
2023;ESP;Spain;Export;FRA;France;440323;"Wood; coniferous species, of fir (Abies spp.) and spruce (Picea spp.), in the rough, whether or not stripped of bark or sapwood, or roughly squared, untreated, of which the smallest cross-sectional dimension is 15 cm or more";6;m³;10339,4;9314,8;279963,661
2023;ESP;Spain;Import;FRA;France;440323;"Wood; coniferous species, of fir (Abies spp.) and spruce (Picea spp.), in the rough, whether or not stripped of bark or sapwood, or roughly squared, untreated, of which the smallest cross-sectional dimension is 15 cm or more";6;m³;52127,21;37588750,0;3031933,642
2023;CHE;Switzerland;Export;FRA;France;440323;"Wood; coniferous species, of fir (Abies spp.) and spruce (Picea spp.), in the rough, whether or not stripped of bark or sapwood, or roughly squared, untreated, of which the smallest cross-sectional dimension is 15 cm or more";6;m³;71273,0;51245931,0;7414654,842
2023;CHE;Switzerland;Import;FRA;France;440323;"Wood; coniferous species, of fir (Abies spp.) and spruce (Picea spp.), in the rough, whether or not stripped of bark or sapwood, or roughly squared, untreated, of which the smallest cross-sectional dimension is 15 cm or more";6;m³;1650,082;1045058,0;254948,257
2023;USA;USA;Import;FRA;France;440323;"Wood; coniferous species, of fir (Abies spp.) and spruce (Picea spp.), in the rough, whether or not stripped of bark or sapwood, or roughly squared, untreated, of which the smallest cross-sectional dimension is 15 cm or more";6;m³;337,653;274400,255;35925,0
2023;GBR;United Kingdom;Export;FRA;France;440323;"Wood; coniferous species, of fir (Abies spp.) and spruce (Picea spp.), in the rough, whether or not stripped of bark or sapwood, or roughly squared, untreated, of which the smallest cross-sectional dimension is 15 cm or more";6;m³;34872,0;27490350,0;1918607,013
2023;VNM;Viet Nam;Import;FRA;France;440323;"Wood; coniferous species, of fir (Abies spp.) and spruce (Picea spp.), in the rough, whether or not stripped of bark or sapwood, or roughly squared, untreated, of which the smallest cross-sectional dimension is 15 cm or more";6;m³;841,887;638587,063;87225,087
2023;BEL;Belgium;Export;FRA;France;440349;"Wood, tropical; other than dark red meranti, light red meranti meranti bakau and teak, in the rough, whether or not stripped of bark or sapwood, or roughly squared, untreated";6;m³;1977,37;798935,56;36869,087
2023;BEL;Belgium;Import;FRA;France;440349;"Wood, tropical; other than dark red meranti, light red meranti meranti bakau and teak, in the rough, whether or not stripped of bark or sapwood, or roughly squared, untreated";6;m³;76,658;29427,347;57236,861
2023;CMR;Cameroon;Export;FRA;France;440349;"Wood, tropical; other than dark red meranti, light red meranti meranti bakau and teak, in the rough, whether or not stripped of bark or sapwood, or roughly squared, untreated";6;m³;634,039;566106,0;143528,362
2023;CAF;Central African Rep.;Export;FRA;France;440349;"Wood, tropical; other than dark red meranti, light red meranti and meranti bakau, in the rough, whether or not stripped of bark or sapwood, or roughly squared, untreated";6;m³;29039,285;25927933,0;1109659,239
2023;COG;Congo;Export;FRA;France;440349;"Wood, tropical; other than dark red meranti, light red meranti meranti bakau and teak, in the rough, whether or not stripped of bark or sapwood, or roughly squared, untreated";6;m³;4461,971;3983903,0;1482471,27
2023;COG;Congo;Import;FRA;France;440349;"Wood, tropical; other than dark red meranti, light red meranti meranti bakau and teak, in the rough, whether or not stripped of bark or sapwood, or roughly squared, untreated";6;m³;0,19;170,0;123,669
2023;CRI;Costa Rica;Export;FRA;France;440349;"Wood, tropical; other than dark red meranti, light red meranti meranti bakau and teak, in the rough, whether or not stripped of bark or sapwood, or roughly squared, untreated";6;m³;26,445;23612,0;17886,0
2023;COD;Dem. Rep. of the Congo;Export;FRA;France;440349;"Wood, tropical; as specified in Subheading Note 2 to this Chapter, other than dark red meranti, light red meranti and meranti bakau, in the rough, whether or not stripped of bark or sapwood, or roughly squared, untreated";6;m³;2138,328;3645460,0;859867,604
2023;DNK;Denmark;Import;FRA;France;440349;"Wood, tropical; other than dark red meranti, light red meranti meranti bakau and teak, in the rough, whether or not stripped of bark or sapwood, or roughly squared, untreated";6;m³;27,0;26073,0;21372,62
2023;FRA;France;Export;AUT;Austria;440349;"Wood, tropical; other than dark red meranti, light red meranti meranti bakau and teak, in the rough, whether or not stripped of bark or sapwood, or roughly squared, untreated";6;m³;20,0;18000,0;8872,904
2023;FRA;France;Export;BEL;Belgium;440349;"Wood, tropical; other than dark red meranti, light red meranti meranti bakau and teak, in the rough, whether or not stripped of bark or sapwood, or roughly squared, untreated";6;m³;170,0;136142,623;8428,06
2023;FRA;France;Export;BRA;Brazil;440349;"Wood, tropical; other than dark red meranti, light red meranti meranti bakau and teak, in the rough, whether or not stripped of bark or sapwood, or roughly squared, untreated";6;m³;1,0;1,0;39,251
2023;FRA;France;Export;CZE;Czechia;440349;"Wood, tropical; other than dark red meranti, light red meranti meranti bakau and teak, in the rough, whether or not stripped of bark or sapwood, or roughly squared, untreated";6;m³;118,0;86090,0;56835,433
2023;FRA;France;Export;DNK;Denmark;440349;"Wood, tropical; other than dark red meranti, light red meranti meranti bakau and teak, in the rough, whether or not stripped of bark or sapwood, or roughly squared, untreated";6;m³;325,0;292500,0;63894,069
2023;FRA;France;Export;DEU;Germany;440349;"Wood, tropical; other than dark red meranti, light red meranti meranti bakau and teak, in the rough, whether or not stripped of bark or sapwood, or roughly squared, untreated";6;m³;3,0;1802,0;822,09
2023;FRA;France;Export;GRC;Greece;440349;"Wood, tropical; other than dark red meranti, light red meranti meranti bakau and teak, in the rough, whether or not stripped of bark or sapwood, or roughly squared, untreated";6;m³;1,0;200,0;3027,778
2023;FRA;France;Export;ITA;Italy;440349;"Wood, tropical; other than dark red meranti, light red meranti meranti bakau and teak, in the rough, whether or not stripped of bark or sapwood, or roughly squared, untreated";6;m³;237,0;206336,0;158348,304
2023;FRA;France;Export;JPN;Japan;440349;"Wood, tropical; other than dark red meranti, light red meranti meranti bakau and teak, in the rough, whether or not stripped of bark or sapwood, or roughly squared, untreated";6;m³;408,0;358000,0;401875,616
2023;FRA;France;Export;MAR;Morocco;440349;"Wood, tropical; other than dark red meranti, light red meranti meranti bakau and teak, in the rough, whether or not stripped of bark or sapwood, or roughly squared, untreated";6;m³;2,0;14,0;1059,777
2023;FRA;France;Export;NLD;Netherlands;440349;"Wood, tropical; other than dark red meranti, light red meranti meranti bakau and teak, in the rough, whether or not stripped of bark or sapwood, or roughly squared, untreated";6;m³;133,0;132236,0;17327,131
2023;FRA;France;Export;PRT;Portugal;440349;"Wood, tropical; other than dark red meranti, light red meranti meranti bakau and teak, in the rough, whether or not stripped of bark or sapwood, or roughly squared, untreated";6;m³;1016,0;1214900,0;123553,392
2023;FRA;France;Export;BLM;Saint Barthélemy;440349;"Wood, tropical; other than dark red meranti, light red meranti meranti bakau and teak, in the rough, whether or not stripped of bark or sapwood, or roughly squared, untreated";6;m³;6,0;5785,0;32887,968
2023;FRA;France;Export;SVN;Slovenia;440349;"Wood, tropical; other than dark red meranti, light red meranti meranti bakau and teak, in the rough, whether or not stripped of bark or sapwood, or roughly squared, untreated";6;m³;192,0;163100,0;141716,787
2023;FRA;France;Export;ESP;Spain;440349;"Wood, tropical; other than dark red meranti, light red meranti meranti bakau and teak, in the rough, whether or not stripped of bark or sapwood, or roughly squared, untreated";6;m³;95,0;76359,0;85846,275
2023;FRA;France;Export;CHE;Switzerland;440349;"Wood, tropical; other than dark red meranti, light red meranti meranti bakau and teak, in the rough, whether or not stripped of bark or sapwood, or roughly squared, untreated";6;m³;42,0;35473,0;112065,936
2023;FRA;France;Export;THA;Thailand;440349;"Wood, tropical; other than dark red meranti, light red meranti meranti bakau and teak, in the rough, whether or not stripped of bark or sapwood, or roughly squared, untreated";6;m³;47,0;37630,0;44040,7
2023;FRA;France;Export;TUR;Türkiye;440349;"Wood, tropical; other than dark red meranti, light red meranti meranti bakau and teak, in the rough, whether or not stripped of bark or sapwood, or roughly squared, untreated";6;m³;2,0;85,0;1363,972
2023;FRA;France;Export;USA;USA;440349;"Wood, tropical; other than dark red meranti, light red meranti meranti bakau and teak, in the rough, whether or not stripped of bark or sapwood, or roughly squared, untreated";6;m³;0,0;3818,974;1753,211
2023;FRA;France;Export;GBR;United Kingdom;440349;"Wood, tropical; other than dark red meranti, light red meranti meranti bakau and teak, in the rough, whether or not stripped of bark or sapwood, or roughly squared, untreated";6;m³;195,0;197759,0;97975,921
2023;FRA;France;Export;W00;World;440349;"Wood, tropical; other than dark red meranti, light red meranti meranti bakau and teak, in the rough, whether or not stripped of bark or sapwood, or roughly squared, untreated";6;m³;3013,0;2966231,597;1361734,574
2023;FRA;France;Import;BEL;Belgium;440349;"Wood, tropical; other than dark red meranti, light red meranti meranti bakau and teak, in the rough, whether or not stripped of bark or sapwood, or roughly squared, untreated";6;m³;27,0;12659,0;9160,745
2023;FRA;France;Import;BRA;Brazil;440349;"Wood, tropical; other than dark red meranti, light red meranti meranti bakau and teak, in the rough, whether or not stripped of bark or sapwood, or roughly squared, untreated";6;m³;20,0;21254,0;49022,305
2023;FRA;France;Import;CMR;Cameroon;440349;"Wood, tropical; other than dark red meranti, light red meranti meranti bakau and teak, in the rough, whether or not stripped of bark or sapwood, or roughly squared, untreated";6;m³;504,0;426974,0;336348,27
2023;FRA;France;Import;CAF;Central African Rep.;440349;"Wood, tropical; other than dark red meranti, light red meranti meranti bakau and teak, in the rough, whether or not stripped of bark or sapwood, or roughly squared, untreated";6;m³;9114,0;8039950,0;5459448,458
2023;FRA;France;Import;CHN;China;440349;"Wood, tropical; other than dark red meranti, light red meranti meranti bakau and teak, in the rough, whether or not stripped of bark or sapwood, or roughly squared, untreated";6;m³;16,0;14800,0;2013,794
2023;FRA;France;Import;COG;Congo;440349;"Wood, tropical; other than dark red meranti, light red meranti meranti bakau and teak, in the rough, whether or not stripped of bark or sapwood, or roughly squared, untreated";6;m³;13185,0;12085530,0;8825432,315
2023;FRA;France;Import;CRI;Costa Rica;440349;"Wood, tropical; other than dark red meranti, light red meranti meranti bakau and teak, in the rough, whether or not stripped of bark or sapwood, or roughly squared, untreated";6;m³;30,0;23612,0;22001,27
2023;FRA;France;Import;CIV;Côte d'Ivoire;440349;"Wood, tropical; other than dark red meranti, light red meranti meranti bakau and teak, in the rough, whether or not stripped of bark or sapwood, or roughly squared, untreated";6;N/A;0,0;71916,0;96024,275
2023;FRA;France;Import;COD;Dem. Rep. of the Congo;440349;"Wood, tropical; other than dark red meranti, light red meranti meranti bakau and teak, in the rough, whether or not stripped of bark or sapwood, or roughly squared, untreated";6;m³;2857,0;2748119,0;1524870,408
2023;FRA;France;Import;DEU;Germany;440349;"Wood, tropical; other than dark red meranti, light red meranti meranti bakau and teak, in the rough, whether or not stripped of bark or sapwood, or roughly squared, untreated";6;m³;105,0;105874,0;115759,89
2023;FRA;France;Import;GIN;Guinea;440349;"Wood, tropical; other than dark red meranti, light red meranti meranti bakau and teak, in the rough, whether or not stripped of bark or sapwood, or roughly squared, untreated";6;N/A;0,0;42,0;34,89
2023;FRA;France;Import;IDN;Indonesia;440349;"Wood, tropical; other than dark red meranti, light red meranti meranti bakau and teak, in the rough, whether or not stripped of bark or sapwood, or roughly squared, untreated";6;m³;0,0;6,304;4,361
2023;FRA;France;Import;ITA;Italy;440349;"Wood, tropical; other than dark red meranti, light red meranti meranti bakau and teak, in the rough, whether or not stripped of bark or sapwood, or roughly squared, untreated";6;m³;286,0;242704,0;158493,314
2023;FRA;France;Import;LBR;Liberia;440349;"Wood, tropical; other than dark red meranti, light red meranti meranti bakau and teak, in the rough, whether or not stripped of bark or sapwood, or roughly squared, untreated";6;m³;1641,0;1426940,0;664468,006
2023;FRA;France;Import;MYS;Malaysia;440349;"Wood, tropical; other than dark red meranti, light red meranti meranti bakau and teak, in the rough, whether or not stripped of bark or sapwood, or roughly squared, untreated";6;m³;5,0;108,0;710,879
2023;FRA;France;Import;NLD;Netherlands;440349;"Wood, tropical; other than dark red meranti, light red meranti meranti bakau and teak, in the rough, whether or not stripped of bark or sapwood, or roughly squared, untreated";6;m³;35,0;21884,0;51657,573
2023;FRA;France;Import;POL;Poland;440349;"Wood, tropical; other than dark red meranti, light red meranti meranti bakau and teak, in the rough, whether or not stripped of bark or sapwood, or roughly squared, untreated";6;m³;52,0;37200,0;127737,984
2023;FRA;France;Import;PRT;Portugal;440349;"Wood, tropical; other than dark red meranti, light red meranti meranti bakau and teak, in the rough, whether or not stripped of bark or sapwood, or roughly squared, untreated";6;m³;77,0;65107,0;40503,75
2023;FRA;France;Import;SUR;Suriname;440349;"Wood, tropical; other than dark red meranti, light red meranti meranti bakau and teak, in the rough, whether or not stripped of bark or sapwood, or roughly squared, untreated";6;m³;5,0;6983,0;54060,606
2023;FRA;France;Import;THA;Thailand;440349;"Wood, tropical; other than dark red meranti, light red meranti meranti bakau and teak, in the rough, whether or not stripped of bark or sapwood, or roughly squared, untreated";6;m³;0,0;4,728;3,271
2023;FRA;France;Import;USA;USA;440349;"Wood, tropical; other than dark red meranti, light red meranti meranti bakau and teak, in the rough, whether or not stripped of bark or sapwood, or roughly squared, untreated";6;m³;2,0;12,0;691,254
2023;FRA;France;Import;GBR;United Kingdom;440349;"Wood, tropical; other than dark red meranti, light red meranti meranti bakau and teak, in the rough, whether or not stripped of bark or sapwood, or roughly squared, untreated";6;m³;1,0;63,28;365,252
2023;FRA;France;Import;W00;World;440349;"Wood, tropical; other than dark red meranti, light red meranti meranti bakau and teak, in the rough, whether or not stripped of bark or sapwood, or roughly squared, untreated";6;N/A;0,0;25351742,312;17538812,868
2023;DEU;Germany;Export;FRA;France;440349;"Wood, tropical; other than dark red meranti, light red meranti meranti bakau and teak, in the rough, whether or not stripped of bark or sapwood, or roughly squared, untreated";6;m³;70,686;69526,0;73688,281
2023;IND;India;Import;FRA;France;440349;"Wood, tropical; other than dark red meranti, light red meranti meranti bakau and teak, in the rough, whether or not stripped of bark or sapwood, or roughly squared, untreated";6;m³;800,0;420435,493;254826,471
2023;ITA;Italy;Export;FRA;France;440349;"Wood, tropical; other than dark red meranti, light red meranti meranti bakau and teak, in the rough, whether or not stripped of bark or sapwood, or roughly squared, untreated";6;m³;223,0;114501,0;147891,597
2023;ITA;Italy;Import;FRA;France;440349;"Wood, tropical; other than dark red meranti, light red meranti meranti bakau and teak, in the rough, whether or not stripped of bark or sapwood, or roughly squared, untreated";6;m³;59,0;40000,0;45067,276
2023;JPN;Japan;Import;FRA;France;440349;"Wood, tropical; other than dark red meranti, light red meranti meranti bakau and teak, in the rough, whether or not stripped of bark or sapwood, or roughly squared, untreated";6;m³;481,0;801132,734;485567,538
2023;LUX;Luxembourg;Export;FRA;France;440349;"Wood, tropical; other than dark red meranti, light red meranti meranti bakau and teak, in the rough, whether or not stripped of bark or sapwood, or roughly squared, untreated";6;m³;3,31;16322,0;1152,935
2023;LUX;Luxembourg;Import;FRA;France;440349;"Wood, tropical; other than dark red meranti, light red meranti meranti bakau and teak, in the rough, whether or not stripped of bark or sapwood, or roughly squared, untreated";6;m³;273,0;25646,81;16452,562
2023;MDG;Madagascar;Export;FRA;France;440349;"Wood, tropical; other than dark red meranti, light red meranti meranti bakau and teak, in the rough, whether or not stripped of bark or sapwood, or roughly squared, untreated";6;N/A;0,0;85,0;25,608
2023;MUS;Mauritius;Import;FRA;France;440349;"Wood, tropical; other than dark red meranti, light red meranti meranti bakau and teak, in the rough, whether or not stripped of bark or sapwood, or roughly squared, untreated";6;m³;85,0;23024,041;71874,072
2023;NLD;Netherlands;Export;FRA;France;440349;"Wood, tropical; other than dark red meranti, light red meranti meranti bakau and teak, in the rough, whether or not stripped of bark or sapwood, or roughly squared, untreated";6;m³;43,0;41104,0;44684,507
2023;NLD;Netherlands;Import;FRA;France;440349;"Wood, tropical; other than dark red meranti, light red meranti meranti bakau and teak, in the rough, whether or not stripped of bark or sapwood, or roughly squared, untreated";6;m³;108,0;419668,0;665831,16
2023;PAK;Pakistan;Import;FRA;France;440349;"Wood, tropical; other than dark red meranti, light red meranti meranti bakau and teak, in the rough, whether or not stripped of bark or sapwood, or roughly squared, untreated";6;m³;82,0;31098,91;18849,088
2023;PRT;Portugal;Export;FRA;France;440349;"Wood, tropical; other than dark red meranti, light red meranti meranti bakau and teak, in the rough, whether or not stripped of bark or sapwood, or roughly squared, untreated";6;m³;102,0;90137,0;76994,976
2023;PRT;Portugal;Import;FRA;France;440349;"Wood, tropical; other than dark red meranti, light red meranti meranti bakau and teak, in the rough, whether or not stripped of bark or sapwood, or roughly squared, untreated";6;m³;7,0;7166,0;4534,841
2023;SVN;Slovenia;Import;FRA;France;440349;"Wood, tropical; other than dark red meranti, light red meranti meranti bakau and teak, in the rough, whether or not stripped of bark or sapwood, or roughly squared, untreated";6;m³;21,277;20020,0;16403,314
2023;ZAF;South Africa;Export;FRA;France;440349;"Wood, tropical; other than dark red meranti, light red meranti meranti bakau and teak, in the rough, whether or not stripped of bark or sapwood, or roughly squared, untreated";6;m³;1387,17;647409,899;395806,361
2023;ESP;Spain;Export;FRA;France;440349;"Wood, tropical; other than dark red meranti, light red meranti meranti bakau and teak, in the rough, whether or not stripped of bark or sapwood, or roughly squared, untreated";6;m³;5,253;4125,0;11216,01
2023;ESP;Spain;Import;FRA;France;440349;"Wood, tropical; other than dark red meranti, light red meranti meranti bakau and teak, in the rough, whether or not stripped of bark or sapwood, or roughly squared, untreated";6;m³;157,759;97105,0;105834,724
2023;TTO;Trinidad and Tobago;Export;FRA;France;440349;"Wood, tropical; as specified in Subheading Note 2 to this Chapter, other than dark red meranti, light red meranti and meranti bakau, in the rough, whether or not stripped of bark or sapwood, or roughly squared, untreated";6;m³;338,0;1837,0;2518,421
2023;TUN;Tunisia;Export;FRA;France;440349;"Wood, tropical; other than dark red meranti, light red meranti meranti bakau and teak, in the rough, whether or not stripped of bark or sapwood, or roughly squared, untreated";6;m³;4,53;4045,0;27679,605
2023;ARE;United Arab Emirates;Export;FRA;France;440349;"Wood, tropical; other than dark red meranti, light red meranti meranti bakau and teak, in the rough, whether or not stripped of bark or sapwood, or roughly squared, untreated";6;m³;23,04;20571,0;44849,096
2023;GBR;United Kingdom;Import;FRA;France;440349;"Wood, tropical; other than dark red meranti, light red meranti meranti bakau and teak, in the rough, whether or not stripped of bark or sapwood, or roughly squared, untreated";6;m³;198,0;197712,0;116433,15
2023;AUT;Austria;Export;FRA;France;440391;"Wood; oak, in the rough, whether or not stripped of bark or sapwood, or roughly squared, untreated";6;m³;1508,144;1713800,0;1674921,856
2023;AUT;Austria;Import;FRA;France;440391;"Wood; oak, in the rough, whether or not stripped of bark or sapwood, or roughly squared, untreated";6;m³;433,823;492981,0;318112,472
2023;BEL;Belgium;Export;FRA;France;440391;"Wood; oak, in the rough, whether or not stripped of bark or sapwood, or roughly squared, untreated";6;m³;5315,55;6040719,57;1978531,032
2023;BEL;Belgium;Import;FRA;France;440391;"Wood; oak, in the rough, whether or not stripped of bark or sapwood, or roughly squared, untreated";6;m³;121273,33;134740391,55;20494929,575
2023;KHM;Cambodia;Import;FRA;France;440391;"Wood; oak, in the rough, whether or not stripped of bark or sapwood, or roughly squared, untreated";6;m³;231,0;197100,0;101914,89
2023;CHN;China;Import;FRA;France;440391;"Wood; oak, in the rough, whether or not stripped of bark or sapwood, or roughly squared, untreated";6;m³;283520,776;322182700,0;128430565,0
2023;HRV;Croatia;Export;FRA;France;440391;"Wood; oak, in the rough, whether or not stripped of bark or sapwood, or roughly squared, untreated";6;m³;22,21;24001,0;13752,0
2023;CZE;Czechia;Export;FRA;France;440391;"Wood; oak, in the rough, whether or not stripped of bark or sapwood, or roughly squared, untreated";6;m³;454,0;407936,0;348277,0
2023;CZE;Czechia;Import;FRA;France;440391;"Wood; oak, in the rough, whether or not stripped of bark or sapwood, or roughly squared, untreated";6;m³;10696,0;7234635,0;6712096,0
2023;DNK;Denmark;Export;FRA;France;440391;"Wood; oak, in the rough, whether or not stripped of bark or sapwood, or roughly squared, untreated";6;m³;93,0;92834,0;6446,287
2023;DNK;Denmark;Import;FRA;France;440391;"Wood; oak, in the rough, whether or not stripped of bark or sapwood, or roughly squared, untreated";6;m³;3211,0;3652393,0;1126765,135
2023;EGY;Egypt;Export;FRA;France;440391;"Wood; oak, in the rough, whether or not stripped of bark or sapwood, or roughly squared, untreated";6;m³;0,56;674,057;260,0
2023;FRA;France;Export;DZA;Algeria;440391;"Wood; oak, in the rough, whether or not stripped of bark or sapwood, or roughly squared, untreated";6;m³;324,0;284485,0;180760,619
2023;FRA;France;Export;AUT;Austria;440391;"Wood; oak, in the rough, whether or not stripped of bark or sapwood, or roughly squared, untreated";6;m³;1151,0;1191123,0;1124550,658
2023;FRA;France;Export;BEL;Belgium;440391;"Wood; oak, in the rough, whether or not stripped of bark or sapwood, or roughly squared, untreated";6;m³;86728,0;86227717,0;12506905,811
2023;FRA;France;Export;CAN;Canada;440391;"Wood; oak, in the rough, whether or not stripped of bark or sapwood, or roughly squared, untreated";6;m³;160,0;160834,0;57881,035
2023;FRA;France;Export;CHN;China;440391;"Wood; oak, in the rough, whether or not stripped of bark or sapwood, or roughly squared, untreated";6;m³;147158,0;157355156,891;57154361,056
2023;FRA;France;Export;HKG;China, Hong Kong SAR;440391;"Wood; oak, in the rough, whether or not stripped of bark or sapwood, or roughly squared, untreated";6;m³;6690,0;6655150,0;2413860,615
2023;FRA;France;Export;CZE;Czechia;440391;"Wood; oak, in the rough, whether or not stripped of bark or sapwood, or roughly squared, untreated";6;m³;5461,0;5162847,0;3315040,434
2023;FRA;France;Export;DNK;Denmark;440391;"Wood; oak, in the rough, whether or not stripped of bark or sapwood, or roughly squared, untreated";6;m³;20576,0;20956000,0;6297680,593
2023;FRA;France;Export;EST;Estonia;440391;"Wood; oak, in the rough, whether or not stripped of bark or sapwood, or roughly squared, untreated";6;m³;564,0;662018,0;113233,653
2023;FRA;France;Export;DEU;Germany;440391;"Wood; oak, in the rough, whether or not stripped of bark or sapwood, or roughly squared, untreated";6;m³;22064,0;21987360,0;6314418,96
2023;FRA;France;Export;IND;India;440391;"Wood; oak, in the rough, whether or not stripped of bark or sapwood, or roughly squared, untreated";6;m³;456,0;417955,0;132187,519
2023;FRA;France;Export;IDN;Indonesia;440391;"Wood; oak, in the rough, whether or not stripped of bark or sapwood, or roughly squared, untreated";6;m³;586,0;593214,0;532980,462
2023;FRA;France;Export;IRL;Ireland;440391;"Wood; oak, in the rough, whether or not stripped of bark or sapwood, or roughly squared, untreated";6;m³;80,0;78000,0;90323,068
2023;FRA;France;Export;ITA;Italy;440391;"Wood; oak, in the rough, whether or not stripped of bark or sapwood, or roughly squared, untreated";6;m³;17173,0;18322680,0;6449605,909
2023;FRA;France;Export;JPN;Japan;440391;"Wood; oak, in the rough, whether or not stripped of bark or sapwood, or roughly squared, untreated";6;m³;267,0;287644,0;251666,441
2023;FRA;France;Export;LTU;Lithuania;440391;"Wood; oak, in the rough, whether or not stripped of bark or sapwood, or roughly squared, untreated";6;m³;961,0;923463,0;183919,233
2023;FRA;France;Export;LUX;Luxembourg;440391;"Wood; oak, in the rough, whether or not stripped of bark or sapwood, or roughly squared, untreated";6;m³;7947,0;6506521,0;459511,332
2023;FRA;France;Export;NLD;Netherlands;440391;"Wood; oak, in the rough, whether or not stripped of bark or sapwood, or roughly squared, untreated";6;m³;4212,0;4203930,0;1865475,229
2023;FRA;France;Export;S19;Other Asia, nes;440391;"Wood; oak, in the rough, whether or not stripped of bark or sapwood, or roughly squared, untreated";6;m³;56,0;44789,0;26648,151
2023;FRA;France;Export;POL;Poland;440391;"Wood; oak, in the rough, whether or not stripped of bark or sapwood, or roughly squared, untreated";6;m³;2075,0;2247960,0;893588,024
2023;FRA;France;Export;PRT;Portugal;440391;"Wood; oak, in the rough, whether or not stripped of bark or sapwood, or roughly squared, untreated";6;m³;8440,0;8949048,0;4056232,13
2023;FRA;France;Export;ROU;Romania;440391;"Wood; oak, in the rough, whether or not stripped of bark or sapwood, or roughly squared, untreated";6;m³;124,0;111359,0;49455,156
2023;FRA;France;Export;SRB;Serbia;440391;"Wood; oak, in the rough, whether or not stripped of bark or sapwood, or roughly squared, untreated";6;m³;807,0;859062,0;217983,64
2023;FRA;France;Export;SVN;Slovenia;440391;"Wood; oak, in the rough, whether or not stripped of bark or sapwood, or roughly squared, untreated";6;m³;2106,0;2263057,0;1500508,627
2023;FRA;France;Export;ESP;Spain;440391;"Wood; oak, in the rough, whether or not stripped of bark or sapwood, or roughly squared, untreated";6;m³;46162,0;47228320,0;17991811,807
2023;FRA;France;Export;SWE;Sweden;440391;"Wood; oak, in the rough, whether or not stripped of bark or sapwood, or roughly squared, untreated";6;m³;1808,0;1892160,0;557601,735
2023;FRA;France;Export;CHE;Switzerland;440391;"Wood; oak, in the rough, whether or not stripped of bark or sapwood, or roughly squared, untreated";6;m³;4493,0;4561522,0;2518528,829
2023;FRA;France;Export;THA;Thailand;440391;"Wood; oak, in the rough, whether or not stripped of bark or sapwood, or roughly squared, untreated";6;m³;159,0;178600,0;45128,825
2023;FRA;France;Export;TUR;Türkiye;440391;"Wood; oak, in the rough, whether or not stripped of bark or sapwood, or roughly squared, untreated";6;m³;339,0;413582,0;104820,857
2023;FRA;France;Export;USA;USA;440391;"Wood; oak, in the rough, whether or not stripped of bark or sapwood, or roughly squared, untreated";6;m³;145,0;147362,0;184564,694
2023;FRA;France;Export;GBR;United Kingdom;440391;"Wood; oak, in the rough, whether or not stripped of bark or sapwood, or roughly squared, untreated";6;m³;4187,0;4353310,0;2639497,108
2023;FRA;France;Export;VNM;Viet Nam;440391;"Wood; oak, in the rough, whether or not stripped of bark or sapwood, or roughly squared, untreated";6;m³;20039,0;20355100,0;7128030,912
2023;FRA;France;Export;W00;World;440391;"Wood; oak, in the rough, whether or not stripped of bark or sapwood, or roughly squared, untreated";6;m³;413498,0;425581328,891;137358763,125
2023;FRA;France;Import;AUS;Australia;440391;"Wood; oak, in the rough, whether or not stripped of bark or sapwood, or roughly squared, untreated";6;m³;8,0;6400,0;5847,307
2023;FRA;France;Import;AUT;Austria;440391;"Wood; oak, in the rough, whether or not stripped of bark or sapwood, or roughly squared, untreated";6;m³;236,0;274600,0;197658,17
2023;FRA;France;Import;BEL;Belgium;440391;"Wood; oak, in the rough, whether or not stripped of bark or sapwood, or roughly squared, untreated";6;m³;7371,0;6991099,0;1781927,318
2023;FRA;France;Import;CZE;Czechia;440391;"Wood; oak, in the rough, whether or not stripped of bark or sapwood, or roughly squared, untreated";6;m³;644,0;564110,0;542209,896
2023;FRA;France;Import;DNK;Denmark;440391;"Wood; oak, in the rough, whether or not stripped of bark or sapwood, or roughly squared, untreated";6;m³;45,0;50000,0;3945,815
2023;FRA;France;Import;FIN;Finland;440391;"Wood; oak, in the rough, whether or not stripped of bark or sapwood, or roughly squared, untreated";6;m³;42,0;23405,0;18147,041
2023;FRA;France;Import;FRA;France;440391;"Wood; oak, in the rough, whether or not stripped of bark or sapwood, or roughly squared, untreated";6;m³;464,0;502827,0;385201,577
2023;FRA;France;Import;DEU;Germany;440391;"Wood; oak, in the rough, whether or not stripped of bark or sapwood, or roughly squared, untreated";6;m³;16532,0;16663180,0;14136708,288
2023;FRA;France;Import;ITA;Italy;440391;"Wood; oak, in the rough, whether or not stripped of bark or sapwood, or roughly squared, untreated";6;m³;146,0;62584,0;40836,293
2023;FRA;France;Import;LTU;Lithuania;440391;"Wood; oak, in the rough, whether or not stripped of bark or sapwood, or roughly squared, untreated";6;m³;889,0;674828,0;2946046,244
2023;FRA;France;Import;LUX;Luxembourg;440391;"Wood; oak, in the rough, whether or not stripped of bark or sapwood, or roughly squared, untreated";6;m³;445,0;446518,0;130609,848
2023;FRA;France;Import;NLD;Netherlands;440391;"Wood; oak, in the rough, whether or not stripped of bark or sapwood, or roughly squared, untreated";6;m³;101,0;80940,0;106326,569
2023;FRA;France;Import;POL;Poland;440391;"Wood; oak, in the rough, whether or not stripped of bark or sapwood, or roughly squared, untreated";6;m³;59,0;41083,0;74509,281
2023;FRA;France;Import;ROU;Romania;440391;"Wood; oak, in the rough, whether or not stripped of bark or sapwood, or roughly squared, untreated";6;m³;330,0;332100,0;1313584,513
2023;FRA;France;Import;SVK;Slovakia;440391;"Wood; oak, in the rough, whether or not stripped of bark or sapwood, or roughly squared, untreated";6;m³;21,0;24000,0;78770,194
2023;FRA;France;Import;SVN;Slovenia;440391;"Wood; oak, in the rough, whether or not stripped of bark or sapwood, or roughly squared, untreated";6;m³;1090,0;1302840,0;886043,111
2023;FRA;France;Import;ESP;Spain;440391;"Wood; oak, in the rough, whether or not stripped of bark or sapwood, or roughly squared, untreated";6;m³;10835,0;11298600,0;1619790,203
2023;FRA;France;Import;SWE;Sweden;440391;"Wood; oak, in the rough, whether or not stripped of bark or sapwood, or roughly squared, untreated";6;m³;3,0;3941,0;1503,531
2023;FRA;France;Import;CHE;Switzerland;440391;"Wood; oak, in the rough, whether or not stripped of bark or sapwood, or roughly squared, untreated";6;m³;1112,0;1150210,0;461674,498
2023;FRA;France;Import;USA;USA;440391;"Wood; oak, in the rough, whether or not stripped of bark or sapwood, or roughly squared, untreated";6;m³;32,0;24008,0;79826,7
2023;FRA;France;Import;GBR;United Kingdom;440391;"Wood; oak, in the rough, whether or not stripped of bark or sapwood, or roughly squared, untreated";6;m³;4,0;686,0;1540,601
2023;FRA;France;Import;W00;World;440391;"Wood; oak, in the rough, whether or not stripped of bark or sapwood, or roughly squared, untreated";6;m³;40409,0;40517959,0;24812706,998
2023;DEU;Germany;Export;FRA;France;440391;"Wood; oak, in the rough, whether or not stripped of bark or sapwood, or roughly squared, untreated";6;m³;7142,0;6967590,0;5493432,183
2023;DEU;Germany;Import;FRA;France;440391;"Wood; oak, in the rough, whether or not stripped of bark or sapwood, or roughly squared, untreated";6;m³;6810,001;7002238,943;4198603,101
2023;IND;India;Import;FRA;France;440391;"Wood; oak, in the rough, whether or not stripped of bark or sapwood, or roughly squared, untreated";6;m³;950,0;587504,614;333442,765
2023;IDN;Indonesia;Import;FRA;France;440391;"Wood; oak, in the rough, whether or not stripped of bark or sapwood, or roughly squared, untreated";6;m³;791,667;899622,0;769279,0
2023;ISR;Israel;Import;FRA;France;440391;"Wood; oak, in the rough, whether or not stripped of bark or sapwood, or roughly squared, untreated";6;m³;30,766;33296,373;18000,0
2023;ITA;Italy;Export;FRA;France;440391;"Wood; oak, in the rough, whether or not stripped of bark or sapwood, or roughly squared, untreated";6;m³;34,0;32232,0;5492,845
2023;ITA;Italy;Import;FRA;France;440391;"Wood; oak, in the rough, whether or not stripped of bark or sapwood, or roughly squared, untreated";6;m³;12232,0;12071151,0;4935490,623
2023;JPN;Japan;Import;FRA;France;440391;"Wood; oak, in the rough, whether or not stripped of bark or sapwood, or roughly squared, untreated";6;m³;391,0;903609,229;512850,372
2023;LUX;Luxembourg;Export;FRA;France;440391;"Wood; oak, in the rough, whether or not stripped of bark or sapwood, or roughly squared, untreated";6;m³;125,74;161715,0;36061,941
2023;LUX;Luxembourg;Import;FRA;France;440391;"Wood; oak, in the rough, whether or not stripped of bark or sapwood, or roughly squared, untreated";6;m³;43332,6;11578043,0;2581867,819
2023;NLD;Netherlands;Export;FRA;France;440391;"Wood; oak, in the rough, whether or not stripped of bark or sapwood, or roughly squared, untreated";6;m³;403,0;456925,0;368860,733
2023;NLD;Netherlands;Import;FRA;France;440391;"Wood; oak, in the rough, whether or not stripped of bark or sapwood, or roughly squared, untreated";6;m³;999,0;1136380,0;298878,866
2023;POL;Poland;Import;FRA;France;440391;"Wood; oak, in the rough, whether or not stripped of bark or sapwood, or roughly squared, untreated";6;m³;22,0;22300,0;4910,0
2023;PRT;Portugal;Import;FRA;France;440391;"Wood; oak, in the rough, whether or not stripped of bark or sapwood, or roughly squared, untreated";6;m³;3973,0;3555464,0;2055189,973
2023;ROU;Romania;Export;FRA;France;440391;"Wood; oak, in the rough, whether or not stripped of bark or sapwood, or roughly squared, untreated";6;m³;40,0;35500,0;38448,66
2023;ROU;Romania;Import;FRA;France;440391;"Wood; oak, in the rough, whether or not stripped of bark or sapwood, or roughly squared, untreated";6;m³;175,0;208158,0;65216,32
2023;SRB;Serbia;Export;FRA;France;440391;"Wood; oak, in the rough, whether or not stripped of bark or sapwood, or roughly squared, untreated";6;m³;0,035;40,0;84,0
2023;SVK;Slovakia;Import;FRA;France;440391;"Wood; oak, in the rough, whether or not stripped of bark or sapwood, or roughly squared, untreated";6;m³;2,0;150,0;1826,263
2023;SVN;Slovenia;Export;FRA;France;440391;"Wood; oak, in the rough, whether or not stripped of bark or sapwood, or roughly squared, untreated";6;m³;1105,06;1325740,0;753711,209
2023;SVN;Slovenia;Import;FRA;France;440391;"Wood; oak, in the rough, whether or not stripped of bark or sapwood, or roughly squared, untreated";6;m³;5796,877;5468654,4;3530303,687
2023;ESP;Spain;Export;FRA;France;440391;"Wood; oak, in the rough, whether or not stripped of bark or sapwood, or roughly squared, untreated";6;m³;7224,03;6450280,0;1562167,423
2023;ESP;Spain;Import;FRA;France;440391;"Wood; oak, in the rough, whether or not stripped of bark or sapwood, or roughly squared, untreated";6;m³;90746,6;40297600,0;19535367,6
2023;CHE;Switzerland;Export;FRA;France;440391;"Wood; oak, in the rough, whether or not stripped of bark or sapwood, or roughly squared, untreated";6;m³;1290,027;1340401,0;596389,385
2023;CHE;Switzerland;Import;FRA;France;440391;"Wood; oak, in the rough, whether or not stripped of bark or sapwood, or roughly squared, untreated";6;m³;4633,033;4589555,0;2322775,613
2023;TUR;Türkiye;Import;FRA;France;440391;"Wood; oak, in the rough, whether or not stripped of bark or sapwood, or roughly squared, untreated";6;m³;1116,0;1333221,0;504260,0
2023;USA;USA;Export;FRA;France;440391;"Wood; oak, in the rough, whether or not stripped of bark or sapwood, or roughly squared, untreated";6;m³;124,0;184542,928;69910,0
2023;USA;USA;Import;FRA;France;440391;"Wood; oak, in the rough, whether or not stripped of bark or sapwood, or roughly squared, untreated";6;m³;736,0;1108718,999;629262,0
2023;GBR;United Kingdom;Export;FRA;France;440391;"Wood; oak, in the rough, whether or not stripped of bark or sapwood, or roughly squared, untreated";6;m³;1,0;14,0;1733,912
2023;GBR;United Kingdom;Import;FRA;France;440391;"Wood; oak, in the rough, whether or not stripped of bark or sapwood, or roughly squared, untreated";6;m³;224876,0;6867642,0;2863334,469
2023;VNM;Viet Nam;Import;FRA;France;440391;"Wood; oak, in the rough, whether or not stripped of bark or sapwood, or roughly squared, untreated";6;m³;23940,792;25910148,189;14007011,32
2024;AUT;Austria;Import;FRA;France;440323;"Wood; coniferous species, of fir (Abies spp.) and spruce (Picea spp.), in the rough, whether or not stripped of bark or sapwood, or roughly squared, untreated, of which the smallest cross-sectional dimension is 15 cm or more";6;m³;55,152;45580,0;22981,102
2024;BEL;Belgium;Export;FRA;France;440323;"Wood; coniferous species, of fir (Abies spp.) and spruce (Picea spp.), in the rough, whether or not stripped of bark or sapwood, or roughly squared, untreated, of which the smallest cross-sectional dimension is 15 cm or more";6;m³;16097,61;12180599,83;1133028,068
2024;BEL;Belgium;Import;FRA;France;440323;"Wood; coniferous species, of fir (Abies spp.) and spruce (Picea spp.), in the rough, whether or not stripped of bark or sapwood, or roughly squared, untreated, of which the smallest cross-sectional dimension is 15 cm or more";6;m³;238529,62;188654548,8;18596466,979
2024;BIH;Bosnia Herzegovina;Import;FRA;France;440323;"Wood; coniferous species, of fir (Abies spp.) and spruce (Picea spp.), in the rough, whether or not stripped of bark or sapwood, or roughly squared, untreated, of which the smallest cross-sectional dimension is 15 cm or more";6;m³;24,381;20150,0;16757,211
2024;CAN;Canada;Export;FRA;France;440323;"Wood; coniferous species, of fir (Abies spp.) and spruce (Picea spp.), in the rough, whether or not stripped of bark or sapwood, or roughly squared, untreated, of which the smallest cross-sectional dimension is 15 cm or more";6;m³;69,0;70484,482;8738,445
2024;CHN;China;Import;FRA;France;440323;"Wood; coniferous species, of fir (Abies spp.) and spruce (Picea spp.), in the rough, whether or not stripped of bark or sapwood, or roughly squared, untreated, of which the smallest cross-sectional dimension is 15 cm or more";6;m³;243816,0;181864370,0;34047395,0
2024;DNK;Denmark;Import;FRA;France;440323;"Wood; coniferous species, of fir (Abies spp.) and spruce (Picea spp.), in the rough, whether or not stripped of bark or sapwood, or roughly squared, untreated, of which the smallest cross-sectional dimension is 15 cm or more";6;m³;87,0;71668,0;64644,02
2024;FRA;France;Export;AUT;Austria;440323;"Wood; coniferous species, of fir (Abies spp.) and spruce (Picea spp.), in the rough, whether or not stripped of bark or sapwood, or roughly squared, untreated, of which the smallest cross-sectional dimension is 15 cm or more";6;m³;336,0;235374,0;28022,83
2024;FRA;France;Export;BEL;Belgium;440323;"Wood; coniferous species, of fir (Abies spp.) and spruce (Picea spp.), in the rough, whether or not stripped of bark or sapwood, or roughly squared, untreated, of which the smallest cross-sectional dimension is 15 cm or more";6;m³;101355,0;74158056,398;13245414,403
2024;FRA;France;Export;CHN;China;440323;"Wood; coniferous species, of fir (Abies spp.) and spruce (Picea spp.), in the rough, whether or not stripped of bark or sapwood, or roughly squared, untreated, of which the smallest cross-sectional dimension is 15 cm or more";6;m³;92124,0;70781711,0;10885216,703
2024;FRA;France;Export;DNK;Denmark;440323;"Wood; coniferous species, of fir (Abies spp.) and spruce (Picea spp.), in the rough, whether or not stripped of bark or sapwood, or roughly squared, untreated, of which the smallest cross-sectional dimension is 15 cm or more";6;m³;1195,0;805471,1;161761,76
2024;FRA;France;Export;DEU;Germany;440323;"Wood; coniferous species, of fir (Abies spp.) and spruce (Picea spp.), in the rough, whether or not stripped of bark or sapwood, or roughly squared, untreated, of which the smallest cross-sectional dimension is 15 cm or more";6;m³;124957,0;105134715,0;11073458,9
2024;FRA;France;Export;ITA;Italy;440323;"Wood; coniferous species, of fir (Abies spp.) and spruce (Picea spp.), in the rough, whether or not stripped of bark or sapwood, or roughly squared, untreated, of which the smallest cross-sectional dimension is 15 cm or more";6;m³;53984,0;43427300,0;5000003,498
2024;FRA;France;Export;LVA;Latvia;440323;"Wood; coniferous species, of fir (Abies spp.) and spruce (Picea spp.), in the rough, whether or not stripped of bark or sapwood, or roughly squared, untreated, of which the smallest cross-sectional dimension is 15 cm or more";6;m³;2806,0;1980116,0;234300,733
2024;FRA;France;Export;LTU;Lithuania;440323;"Wood; coniferous species, of fir (Abies spp.) and spruce (Picea spp.), in the rough, whether or not stripped of bark or sapwood, or roughly squared, untreated, of which the smallest cross-sectional dimension is 15 cm or more";6;m³;13324,0;10473057,0;1080785,031
2024;FRA;France;Export;LUX;Luxembourg;440323;"Wood; coniferous species, of fir (Abies spp.) and spruce (Picea spp.), in the rough, whether or not stripped of bark or sapwood, or roughly squared, untreated, of which the smallest cross-sectional dimension is 15 cm or more";6;m³;27923,0;20008842,0;2204623,91
2024;FRA;France;Export;NLD;Netherlands;440323;"Wood; coniferous species, of fir (Abies spp.) and spruce (Picea spp.), in the rough, whether or not stripped of bark or sapwood, or roughly squared, untreated, of which the smallest cross-sectional dimension is 15 cm or more";6;m³;10697,0;8155184,0;3082250,458
2024;FRA;France;Export;PAK;Pakistan;440323;"Wood; coniferous species, of fir (Abies spp.) and spruce (Picea spp.), in the rough, whether or not stripped of bark or sapwood, or roughly squared, untreated, of which the smallest cross-sectional dimension is 15 cm or more";6;m³;186,0;161000,0;23238,708
2024;FRA;France;Export;POL;Poland;440323;"Wood; coniferous species, of fir (Abies spp.) and spruce (Picea spp.), in the rough, whether or not stripped of bark or sapwood, or roughly squared, untreated, of which the smallest cross-sectional dimension is 15 cm or more";6;m³;9832,0;7381618,0;582951,715
2024;FRA;France;Export;PRT;Portugal;440323;"Wood; coniferous species, of fir (Abies spp.) and spruce (Picea spp.), in the rough, whether or not stripped of bark or sapwood, or roughly squared, untreated, of which the smallest cross-sectional dimension is 15 cm or more";6;m³;7350,0;7145370,0;772240,575
2024;FRA;France;Export;SEN;Senegal;440323;"Wood; coniferous species, of fir (Abies spp.) and spruce (Picea spp.), in the rough, whether or not stripped of bark or sapwood, or roughly squared, untreated, of which the smallest cross-sectional dimension is 15 cm or more";6;m³;120,0;90606,0;22141,175
2024;FRA;France;Export;SVN;Slovenia;440323;"Wood; coniferous species, of fir (Abies spp.) and spruce (Picea spp.), in the rough, whether or not stripped of bark or sapwood, or roughly squared, untreated, of which the smallest cross-sectional dimension is 15 cm or more";6;m³;1,0;540,0;266,266
2024;FRA;France;Export;ESP;Spain;440323;"Wood; coniferous species, of fir (Abies spp.) and spruce (Picea spp.), in the rough, whether or not stripped of bark or sapwood, or roughly squared, untreated, of which the smallest cross-sectional dimension is 15 cm or more";6;m³;36133,0;30770551,043;3923276,311
2024;FRA;France;Export;CHE;Switzerland;440323;"Wood; coniferous species, of fir (Abies spp.) and spruce (Picea spp.), in the rough, whether or not stripped of bark or sapwood, or roughly squared, untreated, of which the smallest cross-sectional dimension is 15 cm or more";6;m³;11597,0;10728250,0;1386779,399
2024;FRA;France;Export;W00;World;440323;"Wood; coniferous species, of fir (Abies spp.) and spruce (Picea spp.), in the rough, whether or not stripped of bark or sapwood, or roughly squared, untreated, of which the smallest cross-sectional dimension is 15 cm or more";6;m³;493920,0;391437761,542;53706732,377
2024;FRA;France;Import;AUT;Austria;440323;"Wood; coniferous species, of fir (Abies spp.) and spruce (Picea spp.), in the rough, whether or not stripped of bark or sapwood, or roughly squared, untreated, of which the smallest cross-sectional dimension is 15 cm or more";6;m³;88,0;66841,0;88089,534
2024;FRA;France;Import;BEL;Belgium;440323;"Wood; coniferous species, of fir (Abies spp.) and spruce (Picea spp.), in the rough, whether or not stripped of bark or sapwood, or roughly squared, untreated, of which the smallest cross-sectional dimension is 15 cm or more";6;m³;5326,0;3944676,0;1061451,551
2024;FRA;France;Import;FIN;Finland;440323;"Wood; coniferous species, of fir (Abies spp.) and spruce (Picea spp.), in the rough, whether or not stripped of bark or sapwood, or roughly squared, untreated, of which the smallest cross-sectional dimension is 15 cm or more";6;m³;27,0;20196,0;12607,568
2024;FRA;France;Import;DEU;Germany;440323;"Wood; coniferous species, of fir (Abies spp.) and spruce (Picea spp.), in the rough, whether or not stripped of bark or sapwood, or roughly squared, untreated, of which the smallest cross-sectional dimension is 15 cm or more";6;m³;668,0;419706,0;349148,877
2024;FRA;France;Import;ITA;Italy;440323;"Wood; coniferous species, of fir (Abies spp.) and spruce (Picea spp.), in the rough, whether or not stripped of bark or sapwood, or roughly squared, untreated, of which the smallest cross-sectional dimension is 15 cm or more";6;m³;1,0;95,0;595,309
2024;FRA;France;Import;NLD;Netherlands;440323;"Wood; coniferous species, of fir (Abies spp.) and spruce (Picea spp.), in the rough, whether or not stripped of bark or sapwood, or roughly squared, untreated, of which the smallest cross-sectional dimension is 15 cm or more";6;m³;1,0;19,0;327,961
2024;FRA;France;Import;PRT;Portugal;440323;"Wood; coniferous species, of fir (Abies spp.) and spruce (Picea spp.), in the rough, whether or not stripped of bark or sapwood, or roughly squared, untreated, of which the smallest cross-sectional dimension is 15 cm or more";6;m³;10894,0;13449860,0;2047516,386
2024;FRA;France;Import;SVN;Slovenia;440323;"Wood; coniferous species, of fir (Abies spp.) and spruce (Picea spp.), in the rough, whether or not stripped of bark or sapwood, or roughly squared, untreated, of which the smallest cross-sectional dimension is 15 cm or more";6;m³;2,0;1550,0;8891,755
2024;FRA;France;Import;ESP;Spain;440323;"Wood; coniferous species, of fir (Abies spp.) and spruce (Picea spp.), in the rough, whether or not stripped of bark or sapwood, or roughly squared, untreated, of which the smallest cross-sectional dimension is 15 cm or more";6;m³;83001,0;102462740,0;5874653,5
2024;FRA;France;Import;SWE;Sweden;440323;"Wood; coniferous species, of fir (Abies spp.) and spruce (Picea spp.), in the rough, whether or not stripped of bark or sapwood, or roughly squared, untreated, of which the smallest cross-sectional dimension is 15 cm or more";6;m³;19,0;15866,0;8559,465
2024;FRA;France;Import;CHE;Switzerland;440323;"Wood; coniferous species, of fir (Abies spp.) and spruce (Picea spp.), in the rough, whether or not stripped of bark or sapwood, or roughly squared, untreated, of which the smallest cross-sectional dimension is 15 cm or more";6;m³;45486,0;33040590,0;4308759,618
2024;FRA;France;Import;W00;World;440323;"Wood; coniferous species, of fir (Abies spp.) and spruce (Picea spp.), in the rough, whether or not stripped of bark or sapwood, or roughly squared, untreated, of which the smallest cross-sectional dimension is 15 cm or more";6;m³;145513,0;153422139,0;13760601,525
2024;DEU;Germany;Export;FRA;France;440323;"Wood; coniferous species, of fir (Abies spp.) and spruce (Picea spp.), in the rough, whether or not stripped of bark or sapwood, or roughly squared, untreated, of which the smallest cross-sectional dimension is 15 cm or more";6;m³;105361,0;83280120,0;9632661,145
2024;DEU;Germany;Import;FRA;France;440323;"Wood; coniferous species, of fir (Abies spp.) and spruce (Picea spp.), in the rough, whether or not stripped of bark or sapwood, or roughly squared, untreated, of which the smallest cross-sectional dimension is 15 cm or more";6;m³;179963,0;134883037,0;14219776,92
2024;IND;India;Import;FRA;France;440323;"Wood; coniferous species, of fir (Abies spp.) and spruce (Picea spp.), in the rough, whether or not stripped of bark or sapwood, or roughly squared, untreated, of which the smallest cross-sectional dimension is 15 cm or more";6;m³;179,0;237300,735;29100,062
2024;ITA;Italy;Export;FRA;France;440323;"Wood; coniferous species, of fir (Abies spp.) and spruce (Picea spp.), in the rough, whether or not stripped of bark or sapwood, or roughly squared, untreated, of which the smallest cross-sectional dimension is 15 cm or more";6;m³;542,0;435035,0;205090,532
2024;ITA;Italy;Import;FRA;France;440323;"Wood; coniferous species, of fir (Abies spp.) and spruce (Picea spp.), in the rough, whether or not stripped of bark or sapwood, or roughly squared, untreated, of which the smallest cross-sectional dimension is 15 cm or more";6;m³;49639,0;35409029,0;4449643,341
2024;LVA;Latvia;Import;FRA;France;440323;"Wood; coniferous species, of fir (Abies spp.) and spruce (Picea spp.), in the rough, whether or not stripped of bark or sapwood, or roughly squared, untreated, of which the smallest cross-sectional dimension is 15 cm or more";6;m³;960,0;778105,0;80003,16
2024;LUX;Luxembourg;Export;FRA;France;440323;"Wood; coniferous species, of fir (Abies spp.) and spruce (Picea spp.), in the rough, whether or not stripped of bark or sapwood, or roughly squared, untreated, of which the smallest cross-sectional dimension is 15 cm or more";6;m³;22630,901;20302894,0;1501623,917
2024;LUX;Luxembourg;Import;FRA;France;440323;"Wood; coniferous species, of fir (Abies spp.) and spruce (Picea spp.), in the rough, whether or not stripped of bark or sapwood, or roughly squared, untreated, of which the smallest cross-sectional dimension is 15 cm or more";6;m³;186070,4;161665477,36;11918608,244
2024;NLD;Netherlands;Export;FRA;France;440323;"Wood; coniferous species, of fir (Abies spp.) and spruce (Picea spp.), in the rough, whether or not stripped of bark or sapwood, or roughly squared, untreated, of which the smallest cross-sectional dimension is 15 cm or more";6;m³;41,0;30787,0;8549,723
2024;NLD;Netherlands;Import;FRA;France;440323;"Wood; coniferous species, of fir (Abies spp.) and spruce (Picea spp.), in the rough, whether or not stripped of bark or sapwood, or roughly squared, untreated, of which the smallest cross-sectional dimension is 15 cm or more";6;m³;17707,0;14794404,0;1409310,231
2024;PRT;Portugal;Export;FRA;France;440323;"Wood; coniferous species, of fir (Abies spp.) and spruce (Picea spp.), in the rough, whether or not stripped of bark or sapwood, or roughly squared, untreated, of which the smallest cross-sectional dimension is 15 cm or more";6;m³;6,0;2650,0;4014,409
2024;PRT;Portugal;Import;FRA;France;440323;"Wood; coniferous species, of fir (Abies spp.) and spruce (Picea spp.), in the rough, whether or not stripped of bark or sapwood, or roughly squared, untreated, of which the smallest cross-sectional dimension is 15 cm or more";6;m³;586,0;283064,0;209515,271
2024;KOR;Rep. of Korea;Import;FRA;France;440323;"Wood; coniferous species, of fir (Abies spp.) and spruce (Picea spp.), in the rough, whether or not stripped of bark or sapwood, or roughly squared, untreated, of which the smallest cross-sectional dimension is 15 cm or more";6;m³;150,802;124630,0;18481,0
2024;ROU;Romania;Export;FRA;France;440323;"Wood; coniferous species, of fir (Abies spp.) and spruce (Picea spp.), in the rough, whether or not stripped of bark or sapwood, or roughly squared, untreated, of which the smallest cross-sectional dimension is 15 cm or more";6;m³;192,0;175860,0;133797,45
2024;SVN;Slovenia;Export;FRA;France;440323;"Wood; coniferous species, of fir (Abies spp.) and spruce (Picea spp.), in the rough, whether or not stripped of bark or sapwood, or roughly squared, untreated, of which the smallest cross-sectional dimension is 15 cm or more";6;m³;2540,75;1832450,0;410000,316
2024;SVN;Slovenia;Import;FRA;France;440323;"Wood; coniferous species, of fir (Abies spp.) and spruce (Picea spp.), in the rough, whether or not stripped of bark or sapwood, or roughly squared, untreated, of which the smallest cross-sectional dimension is 15 cm or more";6;m³;488,73;244288,0;36687,337
2024;ESP;Spain;Export;FRA;France;440323;"Wood; coniferous species, of fir (Abies spp.) and spruce (Picea spp.), in the rough, whether or not stripped of bark or sapwood, or roughly squared, untreated, of which the smallest cross-sectional dimension is 15 cm or more";6;m³;12627,5;529072,0;344498,18
2024;ESP;Spain;Import;FRA;France;440323;"Wood; coniferous species, of fir (Abies spp.) and spruce (Picea spp.), in the rough, whether or not stripped of bark or sapwood, or roughly squared, untreated, of which the smallest cross-sectional dimension is 15 cm or more";6;m³;31202,5;25206540,0;1606970,854
2024;CHE;Switzerland;Export;FRA;France;440323;"Wood; coniferous species, of fir (Abies spp.) and spruce (Picea spp.), in the rough, whether or not stripped of bark or sapwood, or roughly squared, untreated, of which the smallest cross-sectional dimension is 15 cm or more";6;m³;65179,0;46281285,0;6688497,708
2024;CHE;Switzerland;Import;FRA;France;440323;"Wood; coniferous species, of fir (Abies spp.) and spruce (Picea spp.), in the rough, whether or not stripped of bark or sapwood, or roughly squared, untreated, of which the smallest cross-sectional dimension is 15 cm or more";6;m³;1431,0;859944,0;217457,609
2024;GBR;United Kingdom;Export;FRA;France;440323;"Wood; coniferous species, of fir (Abies spp.) and spruce (Picea spp.), in the rough, whether or not stripped of bark or sapwood, or roughly squared, untreated, of which the smallest cross-sectional dimension is 15 cm or more";6;m³;2640,0;2200000,0;133932,48
2024;BEL;Belgium;Export;FRA;France;440349;"Wood, tropical; other than dark red meranti, light red meranti meranti bakau and teak, in the rough, whether or not stripped of bark or sapwood, or roughly squared, untreated";6;m³;76208,96;674357,89;238233,878
2024;BEL;Belgium;Import;FRA;France;440349;"Wood, tropical; other than dark red meranti, light red meranti meranti bakau and teak, in the rough, whether or not stripped of bark or sapwood, or roughly squared, untreated";6;m³;91,36;42768,66;4425,899
2024;BEN;Benin;Import;FRA;France;440349;"Wood, tropical; other than dark red meranti, light red meranti meranti bakau and teak, in the rough, whether or not stripped of bark or sapwood, or roughly squared, untreated";6;m³;0,056;50,0;15246,879
2024;CIV;Côte d'Ivoire;Import;FRA;France;440349;"Wood, tropical; other than dark red meranti, light red meranti meranti bakau and teak, in the rough, whether or not stripped of bark or sapwood, or roughly squared, untreated";6;m³;0,392;350,0;2181,424
2024;FRA;France;Export;BEL;Belgium;440349;"Wood, tropical; other than dark red meranti, light red meranti meranti bakau and teak, in the rough, whether or not stripped of bark or sapwood, or roughly squared, untreated";6;m³;335,0;310543,574;15048,336
2024;FRA;France;Export;CHN;China;440349;"Wood, tropical; other than dark red meranti, light red meranti meranti bakau and teak, in the rough, whether or not stripped of bark or sapwood, or roughly squared, untreated";6;m³;1,0;2,0;9,741
2024;FRA;France;Export;CZE;Czechia;440349;"Wood, tropical; other than dark red meranti, light red meranti meranti bakau and teak, in the rough, whether or not stripped of bark or sapwood, or roughly squared, untreated";6;m³;53,0;50072,0;14177,019
2024;FRA;France;Export;DEU;Germany;440349;"Wood, tropical; other than dark red meranti, light red meranti meranti bakau and teak, in the rough, whether or not stripped of bark or sapwood, or roughly squared, untreated";6;m³;1,0;800,0;1166,806
2024;FRA;France;Export;ITA;Italy;440349;"Wood, tropical; other than dark red meranti, light red meranti meranti bakau and teak, in the rough, whether or not stripped of bark or sapwood, or roughly squared, untreated";6;m³;179,0;176905,0;54870,195
2024;FRA;France;Export;JPN;Japan;440349;"Wood, tropical; other than dark red meranti, light red meranti meranti bakau and teak, in the rough, whether or not stripped of bark or sapwood, or roughly squared, untreated";6;m³;92,0;82000,0;93888,928
2024;FRA;France;Export;MAR;Morocco;440349;"Wood, tropical; other than dark red meranti, light red meranti meranti bakau and teak, in the rough, whether or not stripped of bark or sapwood, or roughly squared, untreated";6;m³;1,0;220,0;1451,472
2024;FRA;France;Export;NLD;Netherlands;440349;"Wood, tropical; other than dark red meranti, light red meranti meranti bakau and teak, in the rough, whether or not stripped of bark or sapwood, or roughly squared, untreated";6;m³;1,0;1,0;17,318
2024;FRA;France;Export;PRT;Portugal;440349;"Wood, tropical; other than dark red meranti, light red meranti meranti bakau and teak, in the rough, whether or not stripped of bark or sapwood, or roughly squared, untreated";6;m³;93,0;112687,0;13190,971
2024;FRA;France;Export;BLM;Saint Barthélemy;440349;"Wood, tropical; other than dark red meranti, light red meranti meranti bakau and teak, in the rough, whether or not stripped of bark or sapwood, or roughly squared, untreated";6;m³;82,0;70430,0;297809,407
2024;FRA;France;Export;CHE;Switzerland;440349;"Wood, tropical; other than dark red meranti, light red meranti meranti bakau and teak, in the rough, whether or not stripped of bark or sapwood, or roughly squared, untreated";6;m³;19,0;2790,0;6156,58
2024;FRA;France;Export;GBR;United Kingdom;440349;"Wood, tropical; other than dark red meranti, light red meranti meranti bakau and teak, in the rough, whether or not stripped of bark or sapwood, or roughly squared, untreated";6;m³;99,0;568,193;3684,423
2024;FRA;France;Export;W00;World;440349;"Wood, tropical; other than dark red meranti, light red meranti meranti bakau and teak, in the rough, whether or not stripped of bark or sapwood, or roughly squared, untreated";6;m³;956,0;807018,767;501471,197
2024;FRA;France;Import;BEL;Belgium;440349;"Wood, tropical; other than dark red meranti, light red meranti meranti bakau and teak, in the rough, whether or not stripped of bark or sapwood, or roughly squared, untreated";6;m³;89,0;77809,0;99844,186
2024;FRA;France;Import;BRA;Brazil;440349;"Wood, tropical; other than dark red meranti, light red meranti meranti bakau and teak, in the rough, whether or not stripped of bark or sapwood, or roughly squared, untreated";6;m³;25,0;27012,0;45110,37
2024;FRA;France;Import;CMR;Cameroon;440349;"Wood, tropical; other than dark red meranti, light red meranti meranti bakau and teak, in the rough, whether or not stripped of bark or sapwood, or roughly squared, untreated";6;m³;97,0;95391,0;83004,51
2024;FRA;France;Import;CAF;Central African Rep.;440349;"Wood, tropical; other than dark red meranti, light red meranti meranti bakau and teak, in the rough, whether or not stripped of bark or sapwood, or roughly squared, untreated";6;m³;3495,0;3039296,0;2182458,923
2024;FRA;France;Import;COG;Congo;440349;"Wood, tropical; other than dark red meranti, light red meranti meranti bakau and teak, in the rough, whether or not stripped of bark or sapwood, or roughly squared, untreated";6;m³;1601,0;1521217,0;1464409,89
2024;FRA;France;Import;CIV;Côte d'Ivoire;440349;"Wood, tropical; other than dark red meranti, light red meranti meranti bakau and teak, in the rough, whether or not stripped of bark or sapwood, or roughly squared, untreated";6;N/A;0,0;878,0;588,815
2024;FRA;France;Import;COD;Dem. Rep. of the Congo;440349;"Wood, tropical; other than dark red meranti, light red meranti meranti bakau and teak, in the rough, whether or not stripped of bark or sapwood, or roughly squared, untreated";6;m³;2066,0;1999878,0;1122916,691
2024;FRA;France;Import;DEU;Germany;440349;"Wood, tropical; other than dark red meranti, light red meranti meranti bakau and teak, in the rough, whether or not stripped of bark or sapwood, or roughly squared, untreated";6;m³;13,0;687,0;4724,591
2024;FRA;France;Import;GNB;Guinea-Bissau;440349;"Wood, tropical; other than dark red meranti, light red meranti meranti bakau and teak, in the rough, whether or not stripped of bark or sapwood, or roughly squared, untreated";6;m³;1,0;1,0;150,451
2024;FRA;France;Import;IDN;Indonesia;440349;"Wood, tropical; other than dark red meranti, light red meranti meranti bakau and teak, in the rough, whether or not stripped of bark or sapwood, or roughly squared, untreated";6;m³;2,0;9,133;24,895
2024;FRA;France;Import;ITA;Italy;440349;"Wood, tropical; other than dark red meranti, light red meranti meranti bakau and teak, in the rough, whether or not stripped of bark or sapwood, or roughly squared, untreated";6;m³;160,0;117434,0;98897,103
2024;FRA;France;Import;LBR;Liberia;440349;"Wood, tropical; other than dark red meranti, light red meranti meranti bakau and teak, in the rough, whether or not stripped of bark or sapwood, or roughly squared, untreated";6;m³;360,0;302288,0;199314,95
2024;FRA;France;Import;MYS;Malaysia;440349;"Wood, tropical; other than dark red meranti, light red meranti meranti bakau and teak, in the rough, whether or not stripped of bark or sapwood, or roughly squared, untreated";6;m³;6,0;124,0;811,785
2024;FRA;France;Import;NLD;Netherlands;440349;"Wood, tropical; other than dark red meranti, light red meranti meranti bakau and teak, in the rough, whether or not stripped of bark or sapwood, or roughly squared, untreated";6;m³;110,0;82241,0;132366,471
2024;FRA;France;Import;POL;Poland;440349;"Wood, tropical; other than dark red meranti, light red meranti meranti bakau and teak, in the rough, whether or not stripped of bark or sapwood, or roughly squared, untreated";6;m³;26,0;17950,0;74240,476
2024;FRA;France;Import;ZAF;South Africa;440349;"Wood, tropical; other than dark red meranti, light red meranti meranti bakau and teak, in the rough, whether or not stripped of bark or sapwood, or roughly squared, untreated";6;m³;7,0;291,0;1111,605
2024;FRA;France;Import;ESP;Spain;440349;"Wood, tropical; other than dark red meranti, light red meranti meranti bakau and teak, in the rough, whether or not stripped of bark or sapwood, or roughly squared, untreated";6;m³;6,0;5131,0;18873,468
2024;FRA;France;Import;W00;World;440349;"Wood, tropical; other than dark red meranti, light red meranti meranti bakau and teak, in the rough, whether or not stripped of bark or sapwood, or roughly squared, untreated";6;N/A;0,0;7287637,133;5528849,179
2024;DEU;Germany;Export;FRA;France;440349;"Wood, tropical; other than dark red meranti, light red meranti meranti bakau and teak, in the rough, whether or not stripped of bark or sapwood, or roughly squared, untreated";6;m³;19,302;22613,0;18763,25
2024;GRC;Greece;Import;FRA;France;440349;"Wood, tropical; other than dark red meranti, light red meranti meranti bakau and teak, in the rough, whether or not stripped of bark or sapwood, or roughly squared, untreated";6;m³;21,0;20986,0;18171,003
2024;IND;India;Import;FRA;France;440349;"Wood, tropical; other than dark red meranti, light red meranti meranti bakau and teak, in the rough, whether or not stripped of bark or sapwood, or roughly squared, untreated";6;m³;2461,0;;752301,223
2024;ITA;Italy;Export;FRA;France;440349;"Wood, tropical; other than dark red meranti, light red meranti meranti bakau and teak, in the rough, whether or not stripped of bark or sapwood, or roughly squared, untreated";6;m³;874,0;464579,0;566123,946
2024;ITA;Italy;Import;FRA;France;440349;"Wood, tropical; other than dark red meranti, light red meranti meranti bakau and teak, in the rough, whether or not stripped of bark or sapwood, or roughly squared, untreated";6;m³;52,0;46800,0;8524,829
2024;JPN;Japan;Import;FRA;France;440349;"Wood, tropical; other than dark red meranti, light red meranti meranti bakau and teak, in the rough, whether or not stripped of bark or sapwood, or roughly squared, untreated";6;m³;91,0;;101706,914
2024;LUX;Luxembourg;Export;FRA;France;440349;"Wood, tropical; other than dark red meranti, light red meranti meranti bakau and teak, in the rough, whether or not stripped of bark or sapwood, or roughly squared, untreated";6;m³;6,24;33428,0;2363,681
2024;LUX;Luxembourg;Import;FRA;France;440349;"Wood, tropical; other than dark red meranti, light red meranti meranti bakau and teak, in the rough, whether or not stripped of bark or sapwood, or roughly squared, untreated";6;m³;3,0;103761,0;7336,883
2024;NLD;Netherlands;Export;FRA;France;440349;"Wood, tropical; other than dark red meranti, light red meranti meranti bakau and teak, in the rough, whether or not stripped of bark or sapwood, or roughly squared, untreated";6;m³;0,815;728,0;1500,179
2024;NLD;Netherlands;Import;FRA;France;440349;"Wood, tropical; other than dark red meranti, light red meranti meranti bakau and teak, in the rough, whether or not stripped of bark or sapwood, or roughly squared, untreated";6;m³;449,0;444267,0;823475,054
2024;POL;Poland;Export;FRA;France;440349;"Wood, tropical; other than dark red meranti, light red meranti meranti bakau and teak, in the rough, whether or not stripped of bark or sapwood, or roughly squared, untreated";6;m³;1,0;762,0;1648,0
2024;PRT;Portugal;Export;FRA;France;440349;"Wood, tropical; other than dark red meranti, light red meranti meranti bakau and teak, in the rough, whether or not stripped of bark or sapwood, or roughly squared, untreated";6;m³;26,0;24000,0;40940,476
2024;PRT;Portugal;Import;FRA;France;440349;"Wood, tropical; other than dark red meranti, light red meranti meranti bakau and teak, in the rough, whether or not stripped of bark or sapwood, or roughly squared, untreated";6;m³;5,0;2529,0;3006,353
2024;ZAF;South Africa;Export;FRA;France;440349;"Wood, tropical; other than dark red meranti, light red meranti meranti bakau and teak, in the rough, whether or not stripped of bark or sapwood, or roughly squared, untreated";6;m³;2975,97;;881650,503
2024;ESP;Spain;Import;FRA;France;440349;"Wood, tropical; other than dark red meranti, light red meranti meranti bakau and teak, in the rough, whether or not stripped of bark or sapwood, or roughly squared, untreated";6;m³;2,0;70,0;5396,556
2024;DZA;Algeria;Import;FRA;France;440391;"Wood; oak, in the rough, whether or not stripped of bark or sapwood, or roughly squared, untreated";6;m³;35,964;37482,606;20844,0
2024;AUT;Austria;Export;FRA;France;440391;"Wood; oak, in the rough, whether or not stripped of bark or sapwood, or roughly squared, untreated";6;m³;1851,828;2104350,0;2181299,693
2024;AUT;Austria;Import;FRA;France;440391;"Wood; oak, in the rough, whether or not stripped of bark or sapwood, or roughly squared, untreated";6;m³;135,461;153933,0;112224,453
2024;BEL;Belgium;Export;FRA;France;440391;"Wood; oak, in the rough, whether or not stripped of bark or sapwood, or roughly squared, untreated";6;m³;242998,52;4314308,44;1739076,581
2024;BEL;Belgium;Import;FRA;France;440391;"Wood; oak, in the rough, whether or not stripped of bark or sapwood, or roughly squared, untreated";6;m³;39908,42;43662695,7;15174362,7
2024;CAN;Canada;Export;FRA;France;440391;"Wood; oak, in the rough, whether or not stripped of bark or sapwood, or roughly squared, untreated";6;m³;60,0;59072,575;24083,196
2024;CHN;China;Import;FRA;France;440391;"Wood; oak, in the rough, whether or not stripped of bark or sapwood, or roughly squared, untreated";6;m³;262043,0;281822760,0;114755751,0
2024;HRV;Croatia;Export;FRA;France;440391;"Wood; oak, in the rough, whether or not stripped of bark or sapwood, or roughly squared, untreated";6;m³;704,01;772629,0;439954,0
2024;CZE;Czechia;Export;FRA;France;440391;"Wood; oak, in the rough, whether or not stripped of bark or sapwood, or roughly squared, untreated";6;m³;2726,0;2452120,0;1668297,0
2024;CZE;Czechia;Import;FRA;France;440391;"Wood; oak, in the rough, whether or not stripped of bark or sapwood, or roughly squared, untreated";6;m³;9568,0;6445520,0;5911465,0
2024;CIV;Côte d'Ivoire;Import;FRA;France;440391;"Wood; oak, in the rough, whether or not stripped of bark or sapwood, or roughly squared, untreated";6;m³;3,126;3552,0;8439,409
2024;DNK;Denmark;Export;FRA;France;440391;"Wood; oak, in the rough, whether or not stripped of bark or sapwood, or roughly squared, untreated";6;m³;38,0;41439,0;2878,824
2024;DNK;Denmark;Import;FRA;France;440391;"Wood; oak, in the rough, whether or not stripped of bark or sapwood, or roughly squared, untreated";6;m³;2210,0;2513021,0;774773,856
2024;FRA;France;Export;DZA;Algeria;440391;"Wood; oak, in the rough, whether or not stripped of bark or sapwood, or roughly squared, untreated";6;m³;47,0;47763,0;18784,713
2024;FRA;France;Export;AUT;Austria;440391;"Wood; oak, in the rough, whether or not stripped of bark or sapwood, or roughly squared, untreated";6;m³;883,0;917625,0;753358,448
2024;FRA;France;Export;BEL;Belgium;440391;"Wood; oak, in the rough, whether or not stripped of bark or sapwood, or roughly squared, untreated";6;m³;64668,0;62220747,0;9789336,793
2024;FRA;France;Export;KHM;Cambodia;440391;"Wood; oak, in the rough, whether or not stripped of bark or sapwood, or roughly squared, untreated";6;m³;91,0;100500,0;36554,153
2024;FRA;France;Export;CHN;China;440391;"Wood; oak, in the rough, whether or not stripped of bark or sapwood, or roughly squared, untreated";6;m³;136366,0;145332702,0;51927262,099
2024;FRA;France;Export;HKG;China, Hong Kong SAR;440391;"Wood; oak, in the rough, whether or not stripped of bark or sapwood, or roughly squared, untreated";6;m³;8381,0;8934203,0;3438111,176
2024;FRA;France;Export;MAC;China, Macao SAR;440391;"Wood; oak, in the rough, whether or not stripped of bark or sapwood, or roughly squared, untreated";6;m³;47,0;51179,0;16621,034
2024;FRA;France;Export;CZE;Czechia;440391;"Wood; oak, in the rough, whether or not stripped of bark or sapwood, or roughly squared, untreated";6;m³;3226,0;3230775,0;1772068,96
2024;FRA;France;Export;DNK;Denmark;440391;"Wood; oak, in the rough, whether or not stripped of bark or sapwood, or roughly squared, untreated";6;m³;17761,0;17577741,0;4928208,12
2024;FRA;France;Export;PYF;French Polynesia;440391;"Wood; oak, in the rough, whether or not stripped of bark or sapwood, or roughly squared, untreated";6;m³;2,0;1700,0;4873,959
2024;FRA;France;Export;DEU;Germany;440391;"Wood; oak, in the rough, whether or not stripped of bark or sapwood, or roughly squared, untreated";6;m³;14581,0;14770725,0;5369114,718
2024;FRA;France;Export;IND;India;440391;"Wood; oak, in the rough, whether or not stripped of bark or sapwood, or roughly squared, untreated";6;m³;724,0;764022,0;233416,429
2024;FRA;France;Export;IRL;Ireland;440391;"Wood; oak, in the rough, whether or not stripped of bark or sapwood, or roughly squared, untreated";6;m³;52,0;51000,0;58393,343
2024;FRA;France;Export;ITA;Italy;440391;"Wood; oak, in the rough, whether or not stripped of bark or sapwood, or roughly squared, untreated";6;m³;9458,0;9948128,0;3776239,256
2024;FRA;France;Export;JPN;Japan;440391;"Wood; oak, in the rough, whether or not stripped of bark or sapwood, or roughly squared, untreated";6;m³;56,0;47867,0;44720,713
2024;FRA;France;Export;LTU;Lithuania;440391;"Wood; oak, in the rough, whether or not stripped of bark or sapwood, or roughly squared, untreated";6;m³;27,0;24500,0;11410,455
2024;FRA;France;Export;LUX;Luxembourg;440391;"Wood; oak, in the rough, whether or not stripped of bark or sapwood, or roughly squared, untreated";6;m³;6045,0;5610174,0;299437,307
2024;FRA;France;Export;NLD;Netherlands;440391;"Wood; oak, in the rough, whether or not stripped of bark or sapwood, or roughly squared, untreated";6;m³;7100,0;7359766,0;2697831,132
2024;FRA;France;Export;S19;Other Asia, nes;440391;"Wood; oak, in the rough, whether or not stripped of bark or sapwood, or roughly squared, untreated";6;m³;116,0;93131,0;54997,916
2024;FRA;France;Export;POL;Poland;440391;"Wood; oak, in the rough, whether or not stripped of bark or sapwood, or roughly squared, untreated";6;m³;20,0;22232,0;18156,932
2024;FRA;France;Export;PRT;Portugal;440391;"Wood; oak, in the rough, whether or not stripped of bark or sapwood, or roughly squared, untreated";6;m³;6231,0;6577673,0;3149181,619
2024;FRA;France;Export;ROU;Romania;440391;"Wood; oak, in the rough, whether or not stripped of bark or sapwood, or roughly squared, untreated";6;m³;217,0;211536,0;97386,1
2024;FRA;France;Export;BLM;Saint Barthélemy;440391;"Wood; oak, in the rough, whether or not stripped of bark or sapwood, or roughly squared, untreated";6;m³;3,0;1500,0;4040,526
2024;FRA;France;Export;SRB;Serbia;440391;"Wood; oak, in the rough, whether or not stripped of bark or sapwood, or roughly squared, untreated";6;m³;121,0;126902,0;34980,372
2024;FRA;France;Export;SVK;Slovakia;440391;"Wood; oak, in the rough, whether or not stripped of bark or sapwood, or roughly squared, untreated";6;m³;1,0;4,0;108,238
2024;FRA;France;Export;SVN;Slovenia;440391;"Wood; oak, in the rough, whether or not stripped of bark or sapwood, or roughly squared, untreated";6;m³;1582,0;1643870,0;820516,908
2024;FRA;France;Export;ESP;Spain;440391;"Wood; oak, in the rough, whether or not stripped of bark or sapwood, or roughly squared, untreated";6;m³;41166,0;42285410,0;14735800,342
2024;FRA;France;Export;SWE;Sweden;440391;"Wood; oak, in the rough, whether or not stripped of bark or sapwood, or roughly squared, untreated";6;m³;1941,0;1981403,0;494798,321
2024;FRA;France;Export;CHE;Switzerland;440391;"Wood; oak, in the rough, whether or not stripped of bark or sapwood, or roughly squared, untreated";6;m³;5235,0;4564158,0;2252490,021
2024;FRA;France;Export;THA;Thailand;440391;"Wood; oak, in the rough, whether or not stripped of bark or sapwood, or roughly squared, untreated";6;m³;422,0;460500,0;119003,402
2024;FRA;France;Export;TUR;Türkiye;440391;"Wood; oak, in the rough, whether or not stripped of bark or sapwood, or roughly squared, untreated";6;m³;24,0;27000,0;10607,329
2024;FRA;France;Export;UKR;Ukraine;440391;"Wood; oak, in the rough, whether or not stripped of bark or sapwood, or roughly squared, untreated";6;m³;18,0;20800,0;58286,188
2024;FRA;France;Export;GBR;United Kingdom;440391;"Wood; oak, in the rough, whether or not stripped of bark or sapwood, or roughly squared, untreated";6;m³;2797,0;2862615,0;2029571,601
2024;FRA;France;Export;VNM;Viet Nam;440391;"Wood; oak, in the rough, whether or not stripped of bark or sapwood, or roughly squared, untreated";6;m³;25194,0;25989521,0;8549104,132
2024;FRA;France;Export;W00;World;440391;"Wood; oak, in the rough, whether or not stripped of bark or sapwood, or roughly squared, untreated";6;m³;354603,0;363859372,0;117604772,755
2024;FRA;France;Import;_X ;Areas, nes;440391;"Wood; oak, in the rough, whether or not stripped of bark or sapwood, or roughly squared, untreated";6;m³;1,0;5,0;346,362
2024;FRA;France;Import;AUT;Austria;440391;"Wood; oak, in the rough, whether or not stripped of bark or sapwood, or roughly squared, untreated";6;m³;975,0;1104786,0;813233,57
2024;FRA;France;Import;BEL;Belgium;440391;"Wood; oak, in the rough, whether or not stripped of bark or sapwood, or roughly squared, untreated";6;m³;10179,0;9704853,0;2150518,958
2024;FRA;France;Import;CHN;China;440391;"Wood; oak, in the rough, whether or not stripped of bark or sapwood, or roughly squared, untreated";6;m³;1,0;18,0;238,124
2024;FRA;France;Import;HRV;Croatia;440391;"Wood; oak, in the rough, whether or not stripped of bark or sapwood, or roughly squared, untreated";6;m³;355,0;389731,0;396637,237
2024;FRA;France;Import;CZE;Czechia;440391;"Wood; oak, in the rough, whether or not stripped of bark or sapwood, or roughly squared, untreated";6;m³;1858,0;1347898,0;1082302,529
2024;FRA;France;Import;FRA;France;440391;"Wood; oak, in the rough, whether or not stripped of bark or sapwood, or roughly squared, untreated";6;m³;320,0;280920,0;350515,923
2024;FRA;France;Import;DEU;Germany;440391;"Wood; oak, in the rough, whether or not stripped of bark or sapwood, or roughly squared, untreated";6;m³;13047,0;13233161,0;11449330,668
2024;FRA;France;Import;HUN;Hungary;440391;"Wood; oak, in the rough, whether or not stripped of bark or sapwood, or roughly squared, untreated";6;m³;40,0;41255,0;182771,847
2024;FRA;France;Import;IND;India;440391;"Wood; oak, in the rough, whether or not stripped of bark or sapwood, or roughly squared, untreated";6;m³;0,0;219,195;127,721
2024;FRA;France;Import;ITA;Italy;440391;"Wood; oak, in the rough, whether or not stripped of bark or sapwood, or roughly squared, untreated";6;m³;254,0;285691,0;93790,432
2024;FRA;France;Import;LVA;Latvia;440391;"Wood; oak, in the rough, whether or not stripped of bark or sapwood, or roughly squared, untreated";6;m³;31,0;20810,0;26447,967
2024;FRA;France;Import;LTU;Lithuania;440391;"Wood; oak, in the rough, whether or not stripped of bark or sapwood, or roughly squared, untreated";6;m³;507,0;444051,0;2052989,984
2024;FRA;France;Import;LUX;Luxembourg;440391;"Wood; oak, in the rough, whether or not stripped of bark or sapwood, or roughly squared, untreated";6;m³;296,0;292985,0;87631,687
2024;FRA;France;Import;NLD;Netherlands;440391;"Wood; oak, in the rough, whether or not stripped of bark or sapwood, or roughly squared, untreated";6;m³;15,0;11830,0;6181,475
2024;FRA;France;Import;POL;Poland;440391;"Wood; oak, in the rough, whether or not stripped of bark or sapwood, or roughly squared, untreated";6;m³;71,0;66457,0;38301,115
2024;FRA;France;Import;PRT;Portugal;440391;"Wood; oak, in the rough, whether or not stripped of bark or sapwood, or roughly squared, untreated";6;m³;190,0;186184,0;67368,442
2024;FRA;France;Import;ROU;Romania;440391;"Wood; oak, in the rough, whether or not stripped of bark or sapwood, or roughly squared, untreated";6;m³;833,0;799070,0;1255053,697
2024;FRA;France;Import;SVK;Slovakia;440391;"Wood; oak, in the rough, whether or not stripped of bark or sapwood, or roughly squared, untreated";6;m³;20,0;16000,0;73627,848
2024;FRA;France;Import;SVN;Slovenia;440391;"Wood; oak, in the rough, whether or not stripped of bark or sapwood, or roughly squared, untreated";6;m³;672,0;793728,0;578614,617
2024;FRA;France;Import;ESP;Spain;440391;"Wood; oak, in the rough, whether or not stripped of bark or sapwood, or roughly squared, untreated";6;m³;9826,0;10216264,0;1511188,209
2024;FRA;France;Import;CHE;Switzerland;440391;"Wood; oak, in the rough, whether or not stripped of bark or sapwood, or roughly squared, untreated";6;m³;830,0;894680,0;458319,935
2024;FRA;France;Import;USA;USA;440391;"Wood; oak, in the rough, whether or not stripped of bark or sapwood, or roughly squared, untreated";6;m³;31,0;27304,0;26465,285
2024;FRA;France;Import;UKR;Ukraine;440391;"Wood; oak, in the rough, whether or not stripped of bark or sapwood, or roughly squared, untreated";6;m³;184,0;165854,0;794920,775
2024;FRA;France;Import;GBR;United Kingdom;440391;"Wood; oak, in the rough, whether or not stripped of bark or sapwood, or roughly squared, untreated";6;m³;7,0;87922,833;50176,993
2024;FRA;France;Import;W00;World;440391;"Wood; oak, in the rough, whether or not stripped of bark or sapwood, or roughly squared, untreated";6;m³;40543,0;40411677,029;23547101,399
2024;DEU;Germany;Export;FRA;France;440391;"Wood; oak, in the rough, whether or not stripped of bark or sapwood, or roughly squared, untreated";6;m³;7552,0;7545670,0;5183577,752
2024;DEU;Germany;Import;FRA;France;440391;"Wood; oak, in the rough, whether or not stripped of bark or sapwood, or roughly squared, untreated";6;m³;3097,0;3223902,744;2482029,209
2024;IND;India;Import;FRA;France;440391;"Wood; oak, in the rough, whether or not stripped of bark or sapwood, or roughly squared, untreated";6;m³;1374,0;838217,402;561048,815
2024;IRL;Ireland;Import;FRA;France;440391;"Wood; oak, in the rough, whether or not stripped of bark or sapwood, or roughly squared, untreated";6;m³;27,0;4084,0;42534,305
2024;ITA;Italy;Export;FRA;France;440391;"Wood; oak, in the rough, whether or not stripped of bark or sapwood, or roughly squared, untreated";6;m³;8,0;7581,0;11231,862
2024;ITA;Italy;Import;FRA;France;440391;"Wood; oak, in the rough, whether or not stripped of bark or sapwood, or roughly squared, untreated";6;m³;6990,0;6726237,0;2589656,946
2024;JPN;Japan;Import;FRA;France;440391;"Wood; oak, in the rough, whether or not stripped of bark or sapwood, or roughly squared, untreated";6;m³;212,0;327276,734;219057,995
2024;LUX;Luxembourg;Export;FRA;France;440391;"Wood; oak, in the rough, whether or not stripped of bark or sapwood, or roughly squared, untreated";6;m³;244,22;239927,38;53557,884
2024;LUX;Luxembourg;Import;FRA;France;440391;"Wood; oak, in the rough, whether or not stripped of bark or sapwood, or roughly squared, untreated";6;m³;32581,0;8637864,02;1928193,162
2024;NLD;Netherlands;Export;FRA;France;440391;"Wood; oak, in the rough, whether or not stripped of bark or sapwood, or roughly squared, untreated";6;m³;744,0;846866,0;406346,19
2024;NLD;Netherlands;Import;FRA;France;440391;"Wood; oak, in the rough, whether or not stripped of bark or sapwood, or roughly squared, untreated";6;m³;111,0;125511,0;90614,727
2024;POL;Poland;Export;FRA;France;440391;"Wood; oak, in the rough, whether or not stripped of bark or sapwood, or roughly squared, untreated";6;m³;22,0;22000,0;83452,0
2024;PRT;Portugal;Export;FRA;France;440391;"Wood; oak, in the rough, whether or not stripped of bark or sapwood, or roughly squared, untreated";6;m³;15,0;10000,0;7929,27
2024;PRT;Portugal;Import;FRA;France;440391;"Wood; oak, in the rough, whether or not stripped of bark or sapwood, or roughly squared, untreated";6;m³;2153,0;1827943,0;1652574,322
2024;ROU;Romania;Export;FRA;France;440391;"Wood; oak, in the rough, whether or not stripped of bark or sapwood, or roughly squared, untreated";6;m³;259,0;292023,0;162210,35
2024;ROU;Romania;Import;FRA;France;440391;"Wood; oak, in the rough, whether or not stripped of bark or sapwood, or roughly squared, untreated";6;m³;267,0;307825,0;111515,18
2024;SVK;Slovakia;Import;FRA;France;440391;"Wood; oak, in the rough, whether or not stripped of bark or sapwood, or roughly squared, untreated";6;m³;4,0;529,0;8411,179
2024;SVN;Slovenia;Export;FRA;France;440391;"Wood; oak, in the rough, whether or not stripped of bark or sapwood, or roughly squared, untreated";6;m³;4042,21;3472632,0;1202019,529
2024;SVN;Slovenia;Import;FRA;France;440391;"Wood; oak, in the rough, whether or not stripped of bark or sapwood, or roughly squared, untreated";6;m³;5292,094;4981749,7;3231151,813
2024;ESP;Spain;Export;FRA;France;440391;"Wood; oak, in the rough, whether or not stripped of bark or sapwood, or roughly squared, untreated";6;m³;27885,0;6441690,0;1648376,87
2024;ESP;Spain;Import;FRA;France;440391;"Wood; oak, in the rough, whether or not stripped of bark or sapwood, or roughly squared, untreated";6;m³;98390,059;40281618,0;16976352,88
2024;CHE;Switzerland;Export;FRA;France;440391;"Wood; oak, in the rough, whether or not stripped of bark or sapwood, or roughly squared, untreated";6;m³;848,0;894980,0;472890,597
2024;CHE;Switzerland;Import;FRA;France;440391;"Wood; oak, in the rough, whether or not stripped of bark or sapwood, or roughly squared, untreated";6;m³;5051,0;4977947,0;2780934,302
2024;THA;Thailand;Import;FRA;France;440391;"Wood; oak, in the rough, whether or not stripped of bark or sapwood, or roughly squared, untreated";6;m³;622,0;678400,0;280041,78
2024;TUR;Türkiye;Export;FRA;France;440391;"Wood; oak, in the rough, whether or not stripped of bark or sapwood, or roughly squared, untreated";6;m³;1,0;1,0;29,0
2024;TUR;Türkiye;Import;FRA;France;440391;"Wood; oak, in the rough, whether or not stripped of bark or sapwood, or roughly squared, untreated";6;m³;67,0;75200,0;28103,0
2024;USA;USA;Import;FRA;France;440391;"Wood; oak, in the rough, whether or not stripped of bark or sapwood, or roughly squared, untreated";6;m³;462,0;515160,047;344815,0
2024;UKR;Ukraine;Import;FRA;France;440391;"Wood; oak, in the rough, whether or not stripped of bark or sapwood, or roughly squared, untreated";6;m³;17,107;20220,0;15699,15
2024;GBR;United Kingdom;Export;FRA;France;440391;"Wood; oak, in the rough, whether or not stripped of bark or sapwood, or roughly squared, untreated";6;m³;234,0;2300,0;53373,869
2024;GBR;United Kingdom;Import;FRA;France;440391;"Wood; oak, in the rough, whether or not stripped of bark or sapwood, or roughly squared, untreated";6;m³;9303,0;5780193,0;2544701,9
